"YEAR","THEME","TOTAL_SETS","TOTAL_PIECES","MEAN_PIECES","TOTAL_PRICE","MEAN_PRICE","MEAN_VALNEW","MEAN_VALUSED","PPP"
1955,"System",24,438,17.52,0,NA,NA,97.2,0
1956,"System",11,226,20.5454545454545,0,NA,NA,33.7,0
1957,"System",15,828,51.75,0,NA,NA,493.1775,0
1958,"System",39,1391,34.775,0,NA,8.995,141.468823529412,0
1959,"System",7,136,19.4285714285714,0,NA,26.99,50.2266666666667,0
1961,"Samsonite",46,2135,46.4130434782609,65.15,1.44777777777778,NA,NA,0.0305152224824356
1961,"System",9,968,107.555555555556,0,NA,277.73,168.925,0
1962,"System",11,1612,146.545454545455,0,NA,26.52,296.91375,0
1963,"Samsonite",7,5227,746.714285714286,125.9,41.9666666666667,NA,270,0.0240864740769084
1963,"System",11,733,66.6363636363636,0,NA,148.466666666667,53.1866666666667,0
1964,"Samsonite",7,540,67.5,10.83,1.54714285714286,NA,NA,0.0200555555555556
1964,"System",10,1485,135,0,NA,161.59,83.932,0
1965,"Samsonite",6,989,164.833333333333,20.35,5.0875,80,137.6075,0.0205763397371082
1965,"System",10,996,76.6153846153846,0,NA,NA,38.9083333333333,0
1966,"Samsonite",37,5891,155.026315789474,141.97,5.07035714285714,162.5,49.9316666666667,0.0240994737735529
1966,"System",77,1663,21.5974025974026,0,NA,32.7316666666667,34.5251612903226,0
1966,"Trains",11,842,76.5454545454545,4,2,52.3971428571429,85.5036363636364,0.00475059382422803
1967,"Samsonite",13,3522,270.923076923077,91.89,7.6575,NA,56.5933333333333,0.0260902896081772
1967,"System",12,1470,122.5,0,NA,116.725,88.3488888888889,0
1967,"Trains",4,564,141,4,2,14.115,37.2175,0.00709219858156028
1968,"Samsonite",24,4023,167.625,82.82,13.8033333333333,150,109.133333333333,0.0205866268953517
1968,"System",11,2243,131.941176470588,0,NA,93.0233333333333,40.1306666666667,0
1968,"Trains",6,1033,172.166666666667,19.99,19.99,339.705,83.89,0.019351403678606
1969,"Duplo",1,44,22,0,NA,39,NA,0
1969,"Legoland",3,394,131.333333333333,0,NA,NA,69.5333333333333,0
1969,"Samsonite",16,2133,133.3125,52.93,13.2325,265.26,102.09,0.0248148148148148
1969,"System",29,1321,45.551724137931,9,3,24.3985714285714,19.8423076923077,0.00681302043906132
1969,"Trains",20,1734,86.7,0,NA,282.579375,93.251052631579,0
1969,"Universal Building Set",4,756,189,0,NA,205.453333333333,131.945,0
1970,"Duplo",1,49,24.5,0,NA,79,NA,0
1970,"LEGOLAND",9,713,64.8181818181818,0,NA,104.71,25.59,0
1970,"Minitalia",3,567,141.75,0,NA,NA,98.225,0
1970,"Samsonite",7,1126,160.857142857143,23.97,7.99,NA,78.42,0.0212877442273535
1970,"System",1,8,8,0,NA,NA,NA,0
1970,"Trains",3,306,102,0,NA,626.585,164.426666666667,0
1970,"Universal Building Set",3,265,88.3333333333333,0,NA,63.865,58.69,0
1971,"Homemaker",2,329,164.5,0,NA,NA,97.005,0
1971,"LEGOLAND",27,2153,79.7407407407407,14,14,139.59,28.7703846153846,0.00650255457501161
1971,"Minitalia",5,539,107.8,0,NA,80.89,203.263333333333,0
1971,"Samsonite",32,11268,352.125,170.27,8.96157894736842,51.095,38.66,0.0151109336173234
1971,"Trains",2,61,30.5,0,NA,NA,28.275,0
1971,"Universal Building Set",5,20,4,7.6,2.53333333333333,11.9266666666667,31.87,0.38
1972,"Dacta",2,2300,575,0,NA,74.64,66.93,0
1972,"Duplo",1,17,17,0,NA,NA,NA,0
1972,"Homemaker",1,259,259,0,NA,NA,30.95,0
1972,"LEGOLAND",16,1336,83.5,0,NA,118.978,30.645,0
1972,"Samsonite",5,2983,596.6,39.91,7.982,NA,NA,0.0133791485082132
1972,"Trains",9,926,102.888888888889,0,NA,170.7025,82.7655555555556,0
1972,"Universal Building Set",1,163,163,0,NA,87.89,29.35,0
1973,"Basic",12,426,35.5,0,NA,41.6936363636364,19.5745454545455,0
1973,"Duplo",3,102,25.5,0,NA,NA,NA,0
1973,"Homemaker",8,545,68.125,0,NA,76.11,23.2525,0
1973,"LEGOLAND",27,2796,99.8571428571429,0,NA,231.732142857143,34.9467857142857,0
1973,"Minitalia",7,473,67.5714285714286,0,NA,NA,60.805,0
1973,"Samsonite",1,88,88,0,NA,NA,NA,0
1973,"Universal Building Set",3,3271,297.363636363636,42,14,211.62,62.0066666666667,0.0128401100580862
1974,"Basic",1,48,48,0,NA,30.55,NA,0
1974,"Building Set with People",5,467,93.4,5,5,68.68,19.964,0.0107066381156317
1974,"Homemaker",8,1232,154,9,9,86.3566666666667,27.86375,0.00730519480519481
1974,"LEGOLAND",13,1069,82.2307692307692,14,14,120.0525,114.767692307692,0.0130963517305893
1974,"Trains",4,540,135,0,NA,537.12,62.2125,0
1974,"Universal Building Set",4,1023,170.5,0,NA,145.004,26.7725,0
1975,"Building Set with People",6,980,163.333333333333,0,NA,131.554,25.2716666666667,0
1975,"Duplo",7,1227,175.285714285714,0,NA,NA,15,0
1975,"Hobby Set",3,634,211.333333333333,0,NA,397.405,62.12,0
1975,"LEGOLAND",16,2683,167.6875,14.95,14.95,128.170909090909,65.26375,0.0055721207603429
1975,"PreSchool",1,68,22.6666666666667,0,NA,NA,NA,0
1975,"Samsonite",1,330,330,0,NA,NA,NA,0
1975,"Trains",6,1000,166.666666666667,0,NA,574.066666666667,80.9,0
1976,"Basic",8,3486,249,2.75,2.75,176.593333333333,70.3036363636364,0.000788869764773379
1976,"Building Set with People",7,438,62.5714285714286,0,NA,73.126,19.4328571428571,0
1976,"Dacta",5,1335,267,118.5,39.5,95.41,NA,0.0887640449438202
1976,"Duplo",3,48,16,0,NA,NA,23.16,0
1976,"Hobby Set",4,995,248.75,0,NA,127.893333333333,98.2475,0
1976,"LEGOLAND",27,3419,122.107142857143,20,10,147.872857142857,38.6025925925926,0.00584966364434045
1976,"PreSchool",4,167,41.75,0,NA,NA,75,0
1976,"Samsonite",1,291,291,0,NA,NA,NA,0
1976,"Trains",8,1071,133.875,0,NA,235.672857142857,75.35125,0
1976,"Universal Building Set",1,31,31,0,NA,NA,11.99,0
1977,"Basic",1,37,37,0,NA,113.46,3.37,0
1977,"Building Set with People",8,883,110.375,0,NA,114.43,35.20625,0
1977,"Duplo",7,157,22.4285714285714,1.1,1.1,225.99,32.4025,0.00700636942675159
1977,"Homemaker",3,332,110.666666666667,0,NA,53.5233333333333,13.07,0
1977,"LEGOLAND",12,1185,91.1538461538462,0,NA,109.644285714286,37.5653846153846,0
1977,"Minitalia",2,219,109.5,0,NA,174.23,NA,0
1977,"PreSchool",4,35,8.75,0,NA,NA,4.6,0
1977,"Service Packs",10,48,4.8,13,13,8.817,5.68285714285714,0.270833333333333
1977,"Technic",6,1593,265.5,0,NA,232.27,67.39,0
1977,"Trains",2,472,157.333333333333,0,NA,404.025,91.4033333333333,0
1977,"Universal Building Set",3,2598,288.666666666667,40,40,135.95,77.6871428571429,0.0153964588144727
1978,"Basic",5,259,43.1666666666667,41.25,13.75,52.7333333333333,27.5733333333333,0.159266409266409
1978,"Building Set with People",3,531,177,0,NA,135.823333333333,29.1533333333333,0
1978,"Castle",1,767,767,0,NA,3333.33,323.51,0
1978,"Duplo",3,61,20.3333333333333,0,NA,49.535,6.815,0
1978,"Hobby Set",1,973,973,0,NA,NA,297.9,0
1978,"Homemaker",5,1310,262,0,NA,244.39,65.46,0
1978,"LEGOLAND",6,436,72.6666666666667,2,2,79,35.254,0.00458715596330275
1978,"PreSchool",3,16,5.33333333333333,0,NA,NA,NA,0
1978,"Service Packs",2,28,14,0,NA,6.835,NA,0
1978,"Space",4,622,155.5,10,10,659.89,147.5375,0.0160771704180064
1978,"Technic",8,2381,264.555555555556,22,22,203.17,70.3377777777778,0.00923981520369593
1978,"Town",35,3486,96.8333333333333,5.5,5.5,235.723181818182,44.3216666666667,0.00157773952954676
1978,"Trains",4,571,142.75,0,NA,NA,91.7625,0
1979,"Castle",3,264,88,0,NA,806.83,67.1366666666667,0
1979,"Dacta",1,304,304,16.3,16.3,NA,NA,0.0536184210526316
1979,"Duplo",6,130,21.6666666666667,0,NA,58.44,13.685,0
1979,"Fabuland",14,1170,78,3,3,298.23125,48.06,0.00256410256410256
1979,"Homemaker",3,620,206.666666666667,0,NA,79,55.5,0
1979,"Samsonite",1,1112,1112,0,NA,99.98,NA,0
1979,"Scala",3,271,54.2,0,NA,63.1933333333333,34.282,0
1979,"Space",16,1704,77.4545454545455,37,18.5,679.01875,72.3061111111111,0.0217136150234742
1979,"Technic",11,2172,181,0,NA,179.214444444444,45.1975,0
1979,"Town",17,1656,92,4.49,4.49,244.461538461538,32.825,0.00271135265700483
1980,"Basic",15,1838,114.875,170.25,12.1607142857143,77.908125,26.02375,0.0926278563656148
1980,"Dacta",3,544,181.333333333333,51,25.5,NA,23.58,0.09375
1980,"Duplo",10,150,15,28,14,28.31,30.1942857142857,0.186666666666667
1980,"Fabuland",4,59,14.75,0,NA,175.3,11.39,0
1980,"Homemaker",1,26,26,4.5,4.5,3.65,30,0.173076923076923
1980,"Scala",2,82,27.3333333333333,0,NA,NA,106.16,0
1980,"Service Packs",11,75,6.81818181818182,16,16,12.752,12.6575,0.213333333333333
1980,"Space",5,526,105.2,41,20.5,342.182,68.922,0.0779467680608365
1980,"Technic",3,1529,382.25,177.5,59.1666666666667,1021.06,103.59,0.116088947024199
1980,"Town",17,2359,138.764705882353,66.25,16.5625,379.263571428571,121.846470588235,0.028083933870284
1980,"Trains",28,3965,141.607142857143,0,NA,277.820416666667,103.251785714286,0
1981,"Basic",6,1623,162.3,108,18,80.78125,29.28,0.066543438077634
1981,"Castle",3,1026,342,69,23,555.5,206.793333333333,0.0672514619883041
1981,"Dacta",2,426,213,0,NA,173.94,93.68,0
1981,"Duplo",4,141,20.1428571428571,0,NA,51.5,10.025,0
1981,"Fabuland",6,59,9.83333333333333,0,NA,131.7475,9.77333333333333,0
1981,"Service Packs",14,65,4.64285714285714,0,NA,21.4453846153846,7.522,0
1981,"Space",6,565,94.1666666666667,29.5,14.75,318.305,25.34,0.052212389380531
1981,"Technic",5,1622,324.4,20,20,302.05,48.434,0.0123304562268804
1981,"Town",14,1502,100.133333333333,55,27.5,301.216923076923,37.13,0.0366178428761651
1981,"Trains",2,501,250.5,70,70,573.2,154.51,0.139720558882236
1982,"Basic",5,1036,207.2,0,NA,197.51,65.0233333333333,0
1982,"Boats",3,296,98.6666666666667,10,10,293.783333333333,49.49,0.0337837837837838
1982,"Dacta",3,652,217.333333333333,75,75,100.59,64.97,0.115030674846626
1982,"Duplo",8,119,14.875,0,NA,NA,21.494,0
1982,"Fabuland",16,367,22.9375,13,4.33333333333333,80.171,35.510625,0.0354223433242507
1982,"Homemaker",1,231,231,0,NA,NA,105,0
1982,"Service Packs",11,145,13.1818181818182,2.25,2.25,6.96272727272727,4.54,0.0155172413793103
1982,"Space",4,430,107.5,18.5,9.25,274.536666666667,47.9233333333333,0.0430232558139535
1982,"Technic",4,953,190.6,0,NA,216.996,50.926,0
1982,"Town",10,871,87.1,0,NA,254.1,35.26,0
1983,"Basic",7,623,89,0,NA,45.6716666666667,21.816,0
1983,"Castle",1,22,22,0,NA,NA,130.93,0
1983,"Dacta",1,20,20,15.75,15.75,NA,9.02,0.7875
1983,"Duplo",16,160,9.41176470588235,8,4,33.0171428571429,16.882,0.05
1983,"Fabuland",8,89,11.125,0,NA,92.8657142857143,16.65375,0
1983,"Service Packs",1,2,2,0,NA,2.94,0.77,0
1983,"Space",8,1202,133.555555555556,4.5,4.5,485.705714285714,71.56625,0.00374376039933444
1983,"Technic",3,533,177.666666666667,0,NA,73.46,31.64,0
1983,"Town",13,1407,108.230769230769,0,NA,299.997777777778,59.6676923076923,0
1983,"Trains",9,2271,252.333333333333,44.75,44.75,449.3075,163.941111111111,0.019704975781594
1984,"Basic",5,423,84.6,0,NA,29.185,11.05,0
1984,"Castle",10,1612,161.2,125.75,15.71875,742.297777777778,71.495,0.0780086848635236
1984,"Dacta",5,2491,498.2,80,80,367.09,113.99,0.0321156162183862
1984,"Duplo",15,225,14.0625,9,9,44.8366666666667,24.31625,0.04
1984,"Fabuland",10,207,20.7,42.25,21.125,118.105,28.506,0.204106280193237
1984,"Space",9,1217,135.222222222222,5.44,2.72,620.27125,47.125,0.00447000821692687
1984,"Technic",3,898,224.5,0,NA,229.0625,35.995,0
1984,"Town",17,1879,110.529411764706,67,22.3333333333333,302.141333333333,40.5613333333333,0.0356572645023949
1985,"Basic",12,4790,165.172413793103,37.9,9.475,81.115625,34.704,0.00791231732776618
1985,"Castle",3,176,58.6666666666667,5.5,5.5,419,47.33,0.03125
1985,"Dacta",14,3308,236.285714285714,0,NA,201.246666666667,98.7825,0
1985,"Duplo",16,179,10.5294117647059,17,8.5,12.875,17.3571428571429,0.0949720670391061
1985,"Fabuland",17,396,23.2941176470588,104.75,8.05769230769231,101.891666666667,27.2217647058824,0.264520202020202
1985,"Service Packs",2,24,12,0,NA,21.98,NA,0
1985,"Space",14,1555,103.666666666667,36.5,36.5,354.009230769231,45.4330769230769,0.0234726688102894
1985,"Technic",1,98,98,0,NA,58.43,12.7,0
1985,"Town",23,3397,141.541666666667,140.6,28.12,393.609047619048,98.57,0.041389461289373
1985,"Trains",6,2465,410.833333333333,112.15,37.3833333333333,608.081666666667,157.605,0.0454969574036511
1985,"Universal Building Set",1,26,26,0,NA,29.9,NA,0
1986,"Basic",24,1553,59.7307692307692,42.9,4.76666666666667,22.9858823529412,12.4123076923077,0.0276239536381198
1986,"Castle",5,871,174.2,63.75,15.9375,619.03,109.186,0.0731917336394948
1986,"Dacta",30,3090,103,415.15,83.03,138.14875,70.14,0.134352750809061
1986,"Duplo",17,280,16.4705882352941,84,42,93.6325,27.2928571428571,0.3
1986,"Fabuland",7,178,25.4285714285714,61.9,10.3166666666667,154.445714285714,30.315,0.347752808988764
1986,"Model Team",3,1403,467.666666666667,0,NA,283.213333333333,96.4566666666667,0
1986,"Service Packs",4,17,4.25,0,NA,NA,2.35,0
1986,"Space",17,2249,132.294117647059,55,27.5,493.164615384615,70.1266666666667,0.0244553134726545
1986,"Technic",8,2238,279.75,59.99,29.995,206.59,54.8425,0.0268051831992851
1986,"Town",26,2711,104.269230769231,138.25,12.5681818181818,203.671818181818,37.7648,0.0509959424566581
1986,"Trains",3,948,316,0,NA,260.35,87.5766666666667,0
1987,"Basic",13,4482,160.071428571429,0,NA,15.2269230769231,14.421,0
1987,"Boats",3,612,204,88,29.3333333333333,284.84,83.0266666666667,0.143790849673203
1987,"Castle",5,742,148.4,59.2,11.84,565.7375,96.66,0.0797843665768194
1987,"Dacta",3,649,162.25,0,NA,113.995,80,0
1987,"Duplo",17,455,25.2777777777778,41.5,13.8333333333333,24.68,14.11375,0.0912087912087912
1987,"Fabuland",10,425,42.5,54.5,27.25,226.545555555556,69.26,0.128235294117647
1987,"Service Packs",60,838,13.9666666666667,96.75,3.45535714285714,15.2059259259259,10.4785714285714,0.115453460620525
1987,"Space",17,3177,186.882352941176,215,71.6666666666667,486.942142857143,93.038125,0.0676739062008184
1987,"Technic",1,327,327,0,NA,109.44,41.99,0
1987,"Town",24,3100,129.166666666667,131.98,21.9966666666667,221.89380952381,53.915,0.0425741935483871
1987,"Universal Building Set",1,24,24,0,NA,NA,NA,0
1988,"Basic",4,450,90,0,NA,19.09,10.38,0
1988,"Castle",7,1243,177.571428571429,110.75,18.4583333333333,726.516666666667,118.687142857143,0.0890989541432019
1988,"Dacta",5,427,85.4,22,22,NA,152.2,0.0515222482435597
1988,"Duplo",9,214,23.7777777777778,79.25,39.625,64.35,31.0716666666667,0.370327102803738
1988,"Fabuland",7,243,34.7142857142857,0,NA,185.627142857143,45.7428571428571,0
1988,"Service Packs",1,8,8,0,NA,30.1,NA,0
1988,"Space",12,1515,126.25,34.95,34.95,315.756363636364,65.8,0.0230693069306931
1988,"Technic",5,1891,378.2,8.25,8.25,328.015,56.676,0.00436277102062401
1988,"Town",21,2748,130.857142857143,185,18.5,206.8375,50.1771428571429,0.0673216885007278
1989,"Assorted",1,159,159,0,NA,662,215.93,0
1989,"Basic",16,1944,102.315789473684,6.9,1.725,13.1914285714286,5.17153846153846,0.00354938271604938
1989,"Castle",3,574,191.333333333333,59.5,29.75,821.225,174.726666666667,0.103658536585366
1989,"Dacta",1,32,32,0,NA,NA,NA,0
1989,"Duplo",17,378,22.2352941176471,178.3,25.4714285714286,51.735,23.5622222222222,0.471693121693122
1989,"Fabuland",3,108,36,0,NA,285.265,50.33,0
1989,"Pirates",12,2331,194.25,317.5,31.75,888.682727272727,121.801818181818,0.136207636207636
1989,"Service Packs",28,380,13.5714285714286,21.75,4.35,17.3214285714286,5.692,0.0572368421052632
1989,"Space",12,1651,137.583333333333,146,18.25,565.536666666667,68.8516666666667,0.0884312537855845
1989,"Technic",6,2121,303,0,NA,219.174285714286,52.8685714285714,0
1989,"Town",23,2568,111.652173913043,159.49,14.4990909090909,174.134444444444,68.2236363636364,0.0621066978193146
1990,"Assorted",1,150,150,10,10,225,135,0.0666666666666667
1990,"Basic",8,6513,283.173913043478,12.25,12.25,96.9578571428572,30.7814285714286,0.00188085367726086
1990,"Castle",7,1186,148.25,133,22.1666666666667,670.107142857143,117.58125,0.112141652613828
1990,"Dacta",2,484,242,6.75,6.75,161.88,115.375,0.0139462809917355
1990,"Duplo",21,471,22.4285714285714,115.75,38.5833333333333,22.1171428571429,32.86,0.245753715498938
1990,"Model Team",1,1012,1012,80,80,547.65,132.27,0.0790513833992095
1990,"Service Packs",15,244,16.2666666666667,14,7,11.174,NA,0.0573770491803279
1990,"Space",8,1186,148.25,143.3,20.4714285714286,367.71375,68.01,0.120826306913997
1990,"Technic",7,1688,241.142857142857,91,45.5,113.081428571429,48.2971428571429,0.0539099526066351
1990,"Town",27,3806,135.928571428571,330,33,262.5236,66.6896,0.0867052023121387
1991,"Assorted",1,158,158,0,NA,450,100,0
1991,"Basic",10,1510,151,15,15,16.146,15.895,0.00993377483443709
1991,"Boats",3,646,215.333333333333,105.75,35.25,214.216666666667,50.2466666666667,0.163699690402477
1991,"Castle",1,33,33,0,NA,NA,17.11,0
1991,"Dacta",7,4256,608,0,NA,150,104.913333333333,0
1991,"Duplo",32,846,25.6363636363636,56.5,9.41666666666667,34.11875,22.9269230769231,0.0667848699763593
1991,"Model Team",1,525,525,49.5,49.5,345.03,89.7,0.0942857142857143
1991,"Pirates",5,701,140.2,107,26.75,456.412,81.536,0.152639087018545
1991,"Service Packs",19,339,17.8421052631579,61,5.54545454545455,25.1,20.245,0.179941002949853
1991,"Space",13,1521,117,120.93,30.2325,230.259166666667,59.1023076923077,0.0795069033530572
1991,"Technic",6,1378,229.666666666667,39.75,19.875,89.185,27.5883333333333,0.0288461538461538
1991,"Town",22,3700,168.181818181818,250.74,22.7945454545455,189.695454545455,50.5786363636364,0.0677675675675676
1991,"Trains",12,2730,227.5,508.96,46.2690909090909,323.046666666667,112.918333333333,0.186432234432234
1992,"Assorted",1,160,160,12,12,49,114.4,0.075
1992,"Basic",12,2085,160.384615384615,18,18,27.3811111111111,13.2022222222222,0.00863309352517986
1992,"Castle",9,1217,135.222222222222,144.5,24.0833333333333,224.59,80.3955555555556,0.11873459326212
1992,"Dacta",6,807,134.5,45.7,22.85,72.15,49.99,0.0566294919454771
1992,"Duplo",15,555,34.6875,117.5,29.375,71.845,42.298,0.211711711711712
1992,"Pirates",8,1206,134,162.25,32.45,359.27375,94.2155555555556,0.134535655058043
1992,"Service Packs",7,36,5.14285714285714,12.5,3.125,9.69,7.52,0.347222222222222
1992,"Space",5,877,146.166666666667,119,29.75,414.635,59.145,0.135689851767389
1992,"Technic",6,2286,381,306.25,51.0416666666667,178.721666666667,55.36,0.133967629046369
1992,"Town",27,3631,134.481481481481,364.5,19.1842105263158,127.61,38.8544444444444,0.100385568713853
1993,"Assorted",1,156,156,10,10,180,80,0.0641025641025641
1993,"Basic",9,2411,241.1,32,16,30.22,26.415,0.0132725010369141
1993,"Castle",14,1642,117.285714285714,192.75,19.275,219.760769230769,49.1546153846154,0.117387332521315
1993,"Dacta",8,2240,280,111.5,27.875,157.941428571429,66.6633333333333,0.0497767857142857
1993,"Duplo",30,890,28.7096774193548,198.98,22.1088888888889,27.7075,19.8553333333333,0.223573033707865
1993,"Model Team",2,1185,592.5,115.5,57.75,419.645,93.23,0.0974683544303798
1993,"Pirates",6,1280,213.333333333333,194,38.8,412.001666666667,144.271666666667,0.1515625
1993,"Service Packs",29,614,21.1724137931034,61,4.35714285714286,18.0864285714286,16.9228571428571,0.0993485342019544
1993,"Space",11,1412,128.363636363636,146,16.2222222222222,272.805454545455,43.485,0.103399433427762
1993,"Technic",8,2302,287.75,282.75,40.3928571428571,118.28125,42.4175,0.122827975673328
1993,"Town",23,3527,153.347826086957,304.5,19.03125,99.3377272727273,25.3704347826087,0.0863339948965126
1993,"Trains",3,918,306,112.5,37.5,373.856666666667,148.55,0.122549019607843
1994,"Assorted",3,266,88.6666666666667,8,8,264.985,72.135,0.0300751879699248
1994,"Basic",11,1446,131.454545454545,49.5,49.5,20,21.7633333333333,0.0342323651452282
1994,"Belville",4,476,119,220,55,109.9825,48.09,0.46218487394958
1994,"Castle",3,277,69.25,22,11,122.27,43.52,0.0794223826714801
1994,"Dacta",2,1430,715,0,NA,289.99,121.51,0
1994,"Duplo",37,1134,29.8421052631579,272.7,24.7909090909091,61.7841176470588,22.355,0.24047619047619
1994,"Model Team",1,1172,1172,110,110,606.89,173.57,0.0938566552901024
1994,"Pirates",12,1215,93.4615384615385,140,23.3333333333333,164.177777777778,48.4923076923077,0.11522633744856
1994,"Service Packs",17,316,18.5882352941176,52,4,21.8170588235294,11.334,0.164556962025316
1994,"Space",9,1757,175.7,301,37.625,286.773333333333,93.875,0.171314741035857
1994,"Technic",8,3125,390.625,302.25,60.45,187.20125,52.6125,0.09672
1994,"Town",27,4631,159.689655172414,496.5,24.825,181.053636363636,39.0053571428571,0.10721226516951
1994,"Trains",3,814,271.333333333333,162.75,54.25,366.033333333333,96.46,0.199938574938575
1995,"Aquazone",6,1030,171.666666666667,171.5,28.5833333333333,152.198333333333,40.4116666666667,0.166504854368932
1995,"Assorted",1,91,91,0,NA,101.82,NA,0
1995,"Basic",7,2616,237.818181818182,20,20,9.42833333333333,7.01142857142857,0.00764525993883792
1995,"Belville",3,139,46.3333333333333,36.25,12.0833333333333,28.77,9.45,0.260791366906475
1995,"Castle",7,1264,180.571428571429,155,25.8333333333333,413.62,76.21,0.122626582278481
1995,"Dacta",11,2879,261.727272727273,157.35,31.47,136.957142857143,73.7675,0.0546543938867662
1995,"Duplo",36,1261,34.0810810810811,198.6,19.86,38.7754545454545,29.0833333333333,0.157494052339413
1995,"Freestyle",21,4861,173.607142857143,270,19.2857142857143,27.6794736842105,18.5821428571429,0.0555441267228965
1995,"Model Team",1,421,421,39.5,39.5,242.25,111.44,0.0938242280285036
1995,"Pirates",4,856,214,117.5,29.375,289.705,105.3625,0.137266355140187
1995,"Primo",1,18,18,0,NA,NA,5,0
1995,"Service Packs",13,258,19.8461538461538,30.75,3.41666666666667,16.7663636363636,9.4575,0.119186046511628
1995,"Space",5,1009,168.166666666667,56.99,14.2475,190.15,64.1983333333333,0.0564816650148662
1995,"Technic",9,3715,412.777777777778,539.75,67.46875,173.456666666667,55.5211111111111,0.145289367429341
1995,"Town",21,3301,157.190476190476,326.75,21.7833333333333,143.998571428571,45.724,0.0989851560133293
1995,"Trains",2,671,335.5,104.5,52.25,381.5,113.96,0.155737704918033
1996,"Aquazone",6,560,80,90,15,111.078571428571,25.5257142857143,0.160714285714286
1996,"Assorted",1,48,48,0,NA,237.17,70.22,0
1996,"Basic",19,3188,159.4,116.25,23.25,12.9864285714286,9.73285714285714,0.0364648682559598
1996,"Belville",4,569,113.8,30,30,48.05,44.696,0.0527240773286467
1996,"Boats",3,346,115.333333333333,63,21,104.116666666667,24.9766666666667,0.182080924855491
1996,"Castle",6,829,138.166666666667,90.5,18.1,257.49,170.034,0.109167671893848
1996,"Dacta",4,682,170.5,31.5,31.5,84.67,69.25,0.0461876832844575
1996,"Duplo",37,1437,38.8378378378378,300.75,25.0625,58.49,23.1121428571429,0.20929018789144
1996,"Education",1,2456,2456,0,NA,511.29,NA,0
1996,"Freestyle",6,2030,290,45.5,15.1666666666667,11.37,30,0.0224137931034483
1996,"Model Team",1,1757,1757,139,139,1470.72,572.78,0.0791121229368241
1996,"Pirates",8,1465,183.125,206.5,25.8125,244.72125,94.8375,0.140955631399317
1996,"Primo",2,21,10.5,0,NA,NA,NA,0
1996,"Service Packs",30,1002,33.4,148,5.48148148148148,19.4103448275862,15.87625,0.147704590818363
1996,"Space",8,1664,184.888888888889,196,24.5,126.945555555556,35.4777777777778,0.117788461538462
1996,"Technic",10,4247,424.7,517.5,57.5,167.398,60.141,0.121850718153991
1996,"Time Cruisers",4,1108,221.6,134.5,33.625,107.584,36.28,0.121389891696751
1996,"Town",23,3991,173.521739130435,404,19.2380952380952,131.416818181818,48.1047826086957,0.101227762465547
1996,"Trains",4,2490,622.5,367,91.75,440.9725,158.53,0.147389558232932
1996,"Western",6,1555,259.166666666667,212,35.3333333333333,329.471666666667,99.11,0.136334405144695
1997,"Aquazone",3,533,177.666666666667,80,26.6666666666667,95.29,33.7333333333333,0.150093808630394
1997,"Basic",27,2416,73.2121212121212,2,2,9.98448275862069,1.48,0.000827814569536424
1997,"Belville",6,276,46,0,NA,27.7275,25.2983333333333,0
1997,"Castle",11,1375,105.769230769231,163.25,27.2083333333333,135.386666666667,51.3818181818182,0.118727272727273
1997,"Dacta",9,4067,451.888888888889,375.75,62.625,116.348,83.714,0.0923899680354069
1997,"Duplo",31,1311,40.96875,289.75,24.1458333333333,40.974,38.827,0.221014492753623
1997,"Education",1,238,238,0,NA,215.2,151.89,0
1997,"Freestyle",10,2348,195.666666666667,97,12.125,31.9942857142857,11.81,0.0413117546848382
1997,"Model Team",1,761,761,88,88,325,185.37,0.115637319316689
1997,"Pirates",4,741,185.25,134,33.5,677.785,289.775,0.180836707152497
1997,"Primo",16,215,13.4375,157,12.0769230769231,50.06,10.2585714285714,0.730232558139535
1997,"Scala",10,783,78.3,141,35.25,88.24,69.876,0.18007662835249
1997,"Service Packs",10,169,16.9,37.5,4.16666666666667,15.7733333333333,17.265,0.22189349112426
1997,"Space",15,2516,148,325,25,138.803125,34.698,0.129173290937997
1997,"Technic",14,4456,318.285714285714,538.5,41.4230769230769,129.740714285714,38.2778571428571,0.12084829443447
1997,"Time Cruisers",3,608,152,80.5,20.125,69.1075,32.81,0.132401315789474
1997,"Town",46,4636,98.6382978723404,650.24,19.1247058823529,80.823829787234,32.7604255319149,0.140258843830889
1997,"Trains",1,378,378,69.5,69.5,195,160.33,0.183862433862434
1997,"Western",11,981,89.1818181818182,152,13.8181818181818,169.467272727273,58.8527272727273,0.154943934760449
1998,"Adventurers",18,2722,129.619047619048,278,18.5333333333333,117.424,53.4757142857143,0.102130786186627
1998,"Aquazone",10,1922,174.727272727273,292,32.4444444444444,145.692,52.87,0.151925078043704
1998,"Basic",27,13135,328.375,109.4,10.94,24.5828,13.6463636363636,0.00832889227255424
1998,"Belville",7,594,84.8571428571429,69,17.25,66.0685714285714,27.8266666666667,0.116161616161616
1998,"Castle",20,2059,102.95,230,16.4285714285714,87.234,31.0735,0.111704711024769
1998,"Classic",1,158,158,20,20,19.99,20,0.126582278481013
1998,"Dacta",18,2706,150.333333333333,926.74,61.7826666666667,54.079,113.494285714286,0.342475979305248
1998,"Duplo",37,1632,42.9473684210526,300.99,16.7216666666667,47.9225,24.6378947368421,0.184430147058824
1998,"Education",1,1615,1615,0,NA,NA,NA,0
1998,"Freestyle",22,8940,406.363636363636,128,12.8,35.8644444444444,19.0166666666667,0.0143176733780761
1998,"Mindstorms",4,974,243.5,325,81.25,82.6975,51.29,0.333675564681725
1998,"Model Team",2,1063,531.5,40,40,198.36,62.855,0.0376293508936971
1998,"Primo",13,202,15.5384615384615,92,18.4,NA,12.6233333333333,0.455445544554455
1998,"Racers",1,298,298,80,80,95,50.17,0.268456375838926
1998,"Scala",23,803,34.9130434782609,228.75,28.59375,52.1795,37.51,0.284869240348692
1998,"Service Packs",17,381,22.4117647058824,41.5,3.77272727272727,19.36,8.2625,0.108923884514436
1998,"Space",20,1984,94.4761904761905,255,19.6153846153846,60.7283333333333,24.8444444444444,0.128528225806452
1998,"Technic",23,6452,238.962962962963,487.5,37.5,61.5414814814815,28.7169230769231,0.0755579665220087
1998,"Town",61,5672,91.4838709677419,590.24,16.864,54.3554098360656,21.4241071428571,0.104062059238364
1998,"Trains",2,313,156.5,66,66,167.43,131.605,0.210862619808307
1998,"Znap",12,965,80.4166666666667,101,16.8333333333333,26.4875,13.4408333333333,0.104663212435233
1999,"Adventurers",13,1350,96.4285714285714,179,22.375,143.103571428571,43.1664285714286,0.132592592592593
1999,"Aquazone",1,24,24,3,3,10,9,0.125
1999,"Basic",12,2261,161.5,0,NA,19.1527272727273,7.73307692307692,0
1999,"Belville",10,428,42.8,148,18.5,49.2233333333333,31.092,0.345794392523364
1999,"Castle",14,1010,67.3333333333333,112,12.4444444444444,66.78,25.7613333333333,0.110891089108911
1999,"Classic",13,2723,170.1875,114,7.6,11.9569230769231,8.20545454545455,0.04186558942343
1999,"Duplo",36,1170,32.5,500,20.8333333333333,47.6207142857143,23.7061904761905,0.427350427350427
1999,"Education",5,1292,258.4,465.25,116.3125,102.15,67.5,0.360100619195046
1999,"Freestyle",2,55,27.5,0,NA,10.915,NA,0
1999,"Mindstorms",5,1836,367.2,486,97.2,115.12,59.87,0.264705882352941
1999,"Model Team",2,1181,590.5,130,65,293.56,193.045,0.110076206604572
1999,"Primo",14,151,10.7857142857143,102,14.5714285714286,34.96,25.19,0.675496688741722
1999,"Rock Raiders",8,1336,148.444444444444,228,25.3333333333333,164.4175,53.805,0.170658682634731
1999,"Scala",15,299,19.9333333333333,66.5,22.1666666666667,32.5571428571429,17.0491666666667,0.222408026755853
1999,"Seasonal",3,94,31.3333333333333,28,14,13.495,3.8,0.297872340425532
1999,"Service Packs",21,611,29.0952380952381,59,3.93333333333333,13.2583333333333,NA,0.0965630114566285
1999,"Space",6,123,20.5,0,NA,27.4233333333333,11.645,0
1999,"Star Wars",13,3062,235.538461538462,343,26.3846153846154,105.831538461538,41.0761538461538,0.112018288700196
1999,"Technic",32,5305,165.78125,456.5,19.8478260869565,56.0278125,19.6072413793103,0.0860508953817154
1999,"Town",62,4504,71.4920634920635,567.44,14.5497435897436,40.6920338983051,12.9134482758621,0.125985790408526
1999,"Trains",6,2139,305.571428571429,254,42.3333333333333,164.667142857143,78.1228571428571,0.118747078073866
1999,"Znap",7,722,103.142857142857,0,NA,32.702,18.7825,0
2000,"Action Wheelers",6,149,24.8333333333333,175,29.1666666666667,32.935,39.7583333333333,1.1744966442953
2000,"Adventurers",17,1753,103.117647058824,216.99,18.0825,56.5476470588235,21.2770588235294,0.123782087849401
2000,"Baby",13,101,7.76923076923077,129,10.75,23.154,26.4166666666667,1.27722772277228
2000,"Basic",13,3234,248.769230769231,50,25,11.2977777777778,14.3,0.015460729746444
2000,"Belville",5,318,63.6,71,14.2,50.826,29.476,0.223270440251572
2000,"Bulk Bricks",71,3501,49.3098591549296,482.89,7.10132352941176,13.7903636363636,5.35705882352941,0.137929163096258
2000,"Castle",21,2017,91.6818181818182,309.95,19.371875,108.216818181818,47.5277272727273,0.153668815071889
2000,"Creator Expert",2,4732,2366,348,174,683.45,601.94,0.073541842772612
2000,"Duplo",31,1576,50.8387096774194,467,24.5789473684211,61.0045454545455,33.8455555555556,0.296319796954315
2000,"Education",5,829,165.8,174,87,66.755,63.315,0.209891435464415
2000,"Mickey Mouse",5,419,83.8,111,22.2,95.726,49.124,0.26491646778043
2000,"Mindstorms",4,916,229,300,75,73.8725,67.2925,0.327510917030568
2000,"Rock Raiders",3,57,19,0,NA,130.833333333333,29.48,0
2000,"Scala",11,692,62.9090909090909,209,20.9,32.155,58.65,0.302023121387283
2000,"Seasonal",2,53,26.5,3,3,8.065,3.39,0.0566037735849057
2000,"Sports",15,1482,98.8,241,17.2142857142857,46.106,19.2753333333333,0.162618083670715
2000,"Star Wars",19,5703,300.157894736842,656,34.5263157894737,234.721052631579,87.6526315789474,0.115027178677889
2000,"Studios",1,442,442,180,180,202.03,88.43,0.407239819004525
2000,"Technic",33,5210,153.235294117647,717.75,28.71,74.3805882352941,32.443,0.137763915547025
2000,"Town",38,3670,81.5555555555556,449.92,17.9968,33.413488372093,16.7557894736842,0.122594005449591
2001,"Action Wheelers",3,48,16,63,21,142.52,65.61,1.3125
2001,"Alpha Team",6,898,149.666666666667,126,21,54.4266666666667,26.5733333333333,0.140311804008909
2001,"Baby",8,43,5.375,43,10.75,26.19,13.465,1
2001,"Basic",2,216,108,0,NA,13.56,NA,0
2001,"Belville",5,189,37.8,73,18.25,40.784,25.3325,0.386243386243386
2001,"Bionicle",25,2422,80.7333333333333,349,13.96,95.0643333333333,34.7323333333333,0.144095788604459
2001,"Bulk Bricks",24,1271,52.9583333333333,152.95,6.37291666666667,32.9125,19.01,0.120338316286389
2001,"Castle",1,253,253,25,25,343.17,194.68,0.0988142292490119
2001,"Creator",18,4085,226.944444444444,237,15.8,26.7058333333333,15.7266666666667,0.0580171358629131
2001,"Creator Expert",2,2104,1052,149,74.5,781.17,236.1,0.0708174904942966
2001,"Dinosaurs",8,315,26.25,52,6.5,38.3483333333333,12.5925,0.165079365079365
2001,"Duplo",48,1501,27.7962962962963,429,13.40625,37.6245454545455,24.0975,0.28580946035976
2001,"Education",7,4463,637.571428571429,267.25,66.8125,76.25,35.765,0.0598812457987901
2001,"Harry Potter",11,2296,208.727272727273,287,26.0909090909091,155.803636363636,48.5072727272727,0.125
2001,"Jack Stone",11,591,53.7272727272727,240,21.8181818181818,22.1945454545455,9.17090909090909,0.406091370558376
2001,"Mindstorms",2,1038,519,260,130,164.985,104.46,0.250481695568401
2001,"Pirates",3,1397,465.666666666667,219.99,73.33,569.91,206.67,0.157473156764495
2001,"Racers",16,515,32.1875,139,9.26666666666667,18.668125,17.966875,0.269902912621359
2001,"Scala",4,190,47.5,93,23.25,47.655,41.62,0.489473684210526
2001,"Space",18,2452,102.166666666667,253,21.0833333333333,36.0808333333333,15.4626086956522,0.103181076672104
2001,"Sports",5,364,72.8,49.94,16.6466666666667,42,19.385,0.137197802197802
2001,"Star Wars",10,5454,545.4,551,55.1,460.121,158.136,0.101026769343601
2001,"Studios",42,1568,34.0869565217391,205,14.6428571428571,20.7954347826087,17.3154166666667,0.130739795918367
2001,"Technic",9,2910,323.333333333333,313.99,39.24875,155.803333333333,50.165,0.107900343642612
2001,"Town",2,579,289.5,67,33.5,165.03,60.975,0.115716753022453
2001,"Trains",16,2648,165.5,369.49,23.093125,154.45375,90.4357142857143,0.139535498489426
2002,"Alpha Team",17,1669,98.1764705882353,195,15,35.5641176470588,17.1153846153846,0.116836428999401
2002,"Basic",1,16,16,0,NA,21.68,NA,0
2002,"Belville",7,496,70.8571428571429,115,19.1666666666667,80.055,36.3628571428571,0.231854838709677
2002,"Bionicle",26,2030,75.1851851851852,240.98,10.0408333333333,83.1165384615385,25.5060869565217,0.118709359605911
2002,"Bulk Bricks",17,1360,56.6666666666667,151.94,6.33083333333333,17.8845833333333,14.32,0.111720588235294
2002,"Castle",2,1045,522.5,80,40,422.96,236.655,0.076555023923445
2002,"Creator",5,4831,402.583333333333,80,11.4285714285714,37.9975,17.0475,0.0165597184847858
2002,"Creator Expert",1,664,664,50,50,499.99,204.17,0.0753012048192771
2002,"Duplo",6,172,28.6666666666667,65,13,27.526,9.235,0.377906976744186
2002,"Education",8,2520,315,615,102.5,174.246666666667,124.125,0.244047619047619
2002,"Explore",54,1552,26.3050847457627,996,22.1333333333333,42.6011428571429,32.6476,0.641752577319588
2002,"Galidor",16,216,11.3684210526316,230,19.1666666666667,25.3368421052632,29.3026315789474,1.06481481481481
2002,"Harry Potter",17,2915,171.470588235294,264,24,121.03875,39.6383333333333,0.0905660377358491
2002,"Island Xtreme Stunts",10,1001,100.1,155,15.5,36.203,14.016,0.154845154845155
2002,"Jack Stone",11,520,37.1428571428571,183,16.6363636363636,17.7646153846154,7.40363636363636,0.351923076923077
2002,"Miscellaneous",3,379,126.333333333333,0,NA,NA,NA,0
2002,"Pirates",1,906,906,90,90,1805.92,501.45,0.0993377483443709
2002,"Racers",27,4682,173.407407407407,696.96,29.04,67.4388461538462,28.1973076923077,0.148859461768475
2002,"Seasonal",4,129,32.25,10,2.5,8.5,4.75,0.0775193798449612
2002,"Sports",43,2774,64.5116279069767,227,32.4285714285714,30.320487804878,23.6432,0.081831290555155
2002,"Spybotics",4,941,235.25,240,60,74.1425,64.445,0.255047821466525
2002,"Star Wars",25,10130,405.2,965.99,41.9995652173913,308.4732,137.056666666667,0.0953593287265548
2002,"Studios",7,1167,166.714285714286,128,18.2857142857143,224.312857142857,51.4328571428571,0.10968294772922
2002,"Technic",3,1327,442.333333333333,120,60,105.25,52.6133333333333,0.0904295403165034
2002,"Town",8,639,79.875,138.99,17.37375,78.12,31.3728571428571,0.217511737089202
2002,"Trains",10,3815,381.5,464.99,77.4983333333333,314.368888888889,187.368888888889,0.121884665792923
2002,"Western",3,1187,395.666666666667,200,66.6666666666667,526.6,184.703333333333,0.16849199663016
2003,"4 Juniors",6,341,56.8333333333333,103,17.1666666666667,49.822,13.1316666666667,0.302052785923754
2003,"Adventurers",20,2757,137.85,292,19.4666666666667,108.523684210526,47.4252941176471,0.105912223431266
2003,"Alpha Team",1,8,8,0,NA,25,NA,0
2003,"Basic",5,9348,1869.6,0,NA,5.41,137.495,0
2003,"Belville",8,681,85.125,169,28.1666666666667,43.61125,35.84,0.248164464023495
2003,"Bionicle",35,3165,81.1538461538462,294,10.5,68.1796875,29.5406451612903,0.0928909952606635
2003,"Bulk Bricks",5,344,68.8,45.98,9.196,19.642,6.23,0.133662790697674
2003,"Clikits",17,1433,84.2941176470588,198,12.375,21.439,6.32666666666667,0.138171667829728
2003,"Creator",35,13288,359.135135135135,522.99,21.79125,39.2396296296296,23.2820689655172,0.0393580674292595
2003,"Creator Expert",1,670,670,60,60,444.18,297.49,0.0895522388059701
2003,"Dacta",1,318,318,150,150,100,NA,0.471698113207547
2003,"Discovery",6,2909,484.833333333333,245,40.8333333333333,232.371666666667,99.9083333333333,0.0842213819181849
2003,"Duplo",1,42,42,0,NA,NA,18,0
2003,"Education",11,6389,532.416666666667,841,120.142857142857,158.934,142.186666666667,0.131632493347942
2003,"Explore",43,1179,27.4186046511628,301.5,12.06,33.8403703703704,27.2422222222222,0.255725190839695
2003,"Harry Potter",2,329,164.5,30,15,127.805,50.065,0.0911854103343465
2003,"Hobby Set",1,973,973,60,60,227.33,115.11,0.0616649537512847
2003,"Island Xtreme Stunts",3,12,4,0,NA,14.2233333333333,15,0
2003,"Racers",20,3203,160.15,528.99,31.1170588235294,102.011666666667,41.9542105263158,0.165154542616297
2003,"Seasonal",4,154,38.5,10.99,2.7475,8.36,5.4,0.0713636363636364
2003,"Spider-Man",3,769,256.333333333333,100,33.3333333333333,218.496666666667,117.756666666667,0.130039011703511
2003,"Sports",51,3853,74.0961538461538,530,15.1428571428571,51.7263265306122,26.645,0.137555151829743
2003,"Star Wars",19,6311,315.55,603,31.7368421052632,273.212,153.966,0.0955474568214229
2003,"Technic",6,2658,443,301,50.1666666666667,167.692,68.1783333333333,0.113243039879609
2003,"Town",1,616,616,65,65,250,170.71,0.105519480519481
2003,"World City",28,5523,197.25,548.98,45.7483333333333,121.663214285714,76.7073684210526,0.0993988774216911
2004,"4 Juniors",17,798,46.9411764705882,207,17.25,43.1125,14.8925,0.259398496240602
2004,"Alpha Team",6,1427,237.833333333333,184,30.6666666666667,55.6666666666667,31.2683333333333,0.128941836019622
2004,"Baby",5,28,5.6,55,18.3333333333333,31.7066666666667,22.72,1.96428571428571
2004,"Belville",6,684,114,145.99,29.198,60.8766666666667,46.4033333333333,0.21343567251462
2004,"Bionicle",30,5635,102.454545454545,295.99,11.3842307692308,66.1721428571429,19.5319230769231,0.0525270629991127
2004,"Bulk Bricks",10,561,56.1,53.98,5.398,18.26,11.3533333333333,0.0962210338680927
2004,"Castle",14,3278,136.583333333333,289,22.2307692307692,57.9835,21.1768421052632,0.088163514338011
2004,"Clikits",30,1800,50,210,10,7.25722222222222,3.29,0.116666666666667
2004,"Creator",35,16424,381.953488372093,334,16.7,39.4240625,17.1103225806452,0.0203360935216756
2004,"Creator Expert",1,988,988,75,75,265.63,136.44,0.0759109311740891
2004,"Duplo",26,1431,53,321.98,18.94,60.2178571428571,31.8976470588235,0.225003494060098
2004,"Education",9,2563,284.777777777778,535.25,66.90625,80.555,45.38,0.208837300039017
2004,"Explore",13,265,20.3846153846154,105,17.5,51.1766666666667,16.652,0.39622641509434
2004,"Harry Potter",12,4301,358.416666666667,418,41.8,297.024166666667,118.573636363636,0.0971867007672634
2004,"Mindstorms",1,3,3,12,12,24.89,NA,4
2004,"Model Team",1,421,421,40,40,248.3,112.93,0.0950118764845606
2004,"Quatro",4,245,61.25,45,15,51.97,19.1833333333333,0.183673469387755
2004,"Racers",21,2365,107.5,363,27.9230769230769,67.4552631578947,25.0506666666667,0.153488372093023
2004,"Seasonal",3,173,57.6666666666667,9.5,4.75,15.51,3.14,0.0549132947976879
2004,"Spider-Man",7,2786,348.25,130,26,576.89,92.784,0.0466618808327351
2004,"Sports",10,533,53.3,60,30,41.426,20.3322222222222,0.112570356472795
2004,"Star Wars",14,5270,351.333333333333,472.99,39.4158333333333,191.543571428571,80.6785714285714,0.0897514231499051
2004,"Technic",5,3032,606.4,253,50.6,174.408,70.892,0.08344327176781
2004,"Town",2,1033,516.5,105,52.5,172.855,109.42,0.101645692158761
2004,"Trains",1,608,608,80,80,1389.16,824.96,0.131578947368421
2004,"World City",10,2383,238.3,204,22.6666666666667,78.9211111111111,65.94,0.0856063785144776
2005,"Alpha Team",2,530,265,50,25,85.93,48.995,0.0943396226415094
2005,"Baby",6,29,4.83333333333333,33,11,17,11.0233333333333,1.13793103448276
2005,"Belville",5,480,96,135.98,27.196,65.278,42.688,0.283291666666667
2005,"Bionicle",37,7786,169.260869565217,520.98,16.8058064516129,81.1645945945946,36.6960606060606,0.066912406884151
2005,"Castle",28,3789,126.3,322.98,21.532,54.3295652173913,20.2181818181818,0.0852414885193983
2005,"City",26,8756,190.347826086957,431.85,22.7289473684211,58.1956,17.5636,0.0493204659661946
2005,"Clikits",20,1097,54.85,146,10.4285714285714,16.413,7.8,0.133090246125798
2005,"Creator",33,10932,331.272727272727,182,14,30.7307407407407,16.9240909090909,0.0166483717526528
2005,"Dino 2010",5,1479,295.8,0,NA,92.568,38.898,0
2005,"Dino Attack",5,1266,253.2,144,28.8,108.944,61.818,0.113744075829384
2005,"Duplo",45,2828,61.4782608695652,1063.86,28.752972972973,90.1753571428571,42.0173529411765,0.376188118811881
2005,"Education",16,3524,220.25,928.99,77.4158333333333,110.795,89.5966666666667,0.263618047673099
2005,"Factory",3,4698,1566,240,80,296.99,155.696666666667,0.0510855683269476
2005,"Harry Potter",5,2104,420.8,129.99,32.4975,280.046,163.062,0.061782319391635
2005,"Make and Create",5,4100,820,30,15,67.22,35.245,0.00731707317073171
2005,"Primo",1,2,2,0,NA,NA,NA,0
2005,"Quatro",4,185,46.25,37.99,18.995,NA,15.425,0.205351351351351
2005,"Racers",24,5741,197.965517241379,381.98,21.2211111111111,74.0403846153846,28.5245,0.0665354467862742
2005,"Seasonal",2,118,59,7.98,3.99,13.4,3.375,0.0676271186440678
2005,"Star Wars",19,10613,482.409090909091,906.97,53.3511764705882,310.756666666667,156.927777777778,0.0854584000753792
2005,"Technic",6,3755,625.833333333333,325.97,54.3283333333333,150.891666666667,66.8433333333333,0.0868095872170439
2005,"Trains",2,773,386.5,80,40,359.88,226.835,0.103492884864166
2005,"Vikings",5,2010,402,155,31,230.72,93.57,0.0771144278606965
2006,"Avatar The Last Airbender",2,1122,561,80,40,611.495,316.1,0.071301247771836
2006,"Batman",7,4165,595,349.96,49.9942857142857,332.55,156.96,0.0840240096038415
2006,"Belville",3,363,121,129.97,43.3233333333333,70.845,43.68,0.358044077134986
2006,"Bionicle",42,5823,123.893617021277,534.81,17.827,88.7771794871795,32.7875,0.0918444100978877
2006,"Bricks and More",1,650,650,0,NA,63.55,NA,0
2006,"Bulk Bricks",6,516,86,8.97,2.99,12.22,NA,0.0173837209302326
2006,"Castle",11,2490,226.363636363636,319.97,29.0881818181818,102.348181818182,59.8427272727273,0.128502008032128
2006,"City",23,12711,373.852941176471,634.35,39.646875,161.052857142857,51.0216666666667,0.0499055935803635
2006,"Clikits",7,494,70.5714285714286,0,NA,27.015,20.36,0
2006,"Creator",18,3746,208.111111111111,203.94,20.394,45.35,21.8708333333333,0.0544420715429792
2006,"Creator Expert",2,2162,1081,169.98,84.99,676.63,392.5,0.0786216466234968
2006,"Duplo",34,2067,60.7941176470588,664.35,27.68125,115.774736842105,43.0133333333333,0.321407837445573
2006,"Education",8,3319,414.875,140.99,46.9966666666667,79.8475,50,0.0424796625489605
2006,"Exo-Force",17,6260,329.473684210526,369.97,28.4592307692308,91.2573333333333,46.466875,0.0591006389776358
2006,"Make and Create",16,12011,750.6875,145.99,18.24875,61.8081818181818,23.3657142857143,0.0121546915327616
2006,"Mindstorms",3,587,195.666666666667,269.97,89.99,78.1466666666667,100.885,0.459914821124361
2006,"Quatro",2,33,16.5,17.99,8.995,94.77,65.33,0.545151515151515
2006,"Racers",23,5176,225.04347826087,673.96,35.4715789473684,90.5166666666667,44.1913636363636,0.130208655332303
2006,"Seasonal",1,105,105,7.99,7.99,50,9.78,0.0760952380952381
2006,"SpongeBob SquarePants",3,1319,439.666666666667,89.97,29.99,404.756666666667,95.8266666666667,0.0682107657316149
2006,"Sports",3,611,203.666666666667,69.99,34.995,159.285,68.67,0.114549918166939
2006,"Star Wars",12,8309,593.5,625.92,56.9018181818182,338.412727272727,160.067272727273,0.0753303646648213
2006,"Technic",8,5321,665.125,394.95,49.36875,158.57,80.30125,0.0742247697801165
2006,"Trains",1,24,24,29.99,29.99,70,NA,1.24958333333333
2006,"Vikings",2,817,408.5,69.99,34.995,158.52,109.695,0.0856670746634027
2007,"Aqua Raiders",7,2438,348.285714285714,209.93,29.99,94.7771428571429,36.2771428571429,0.0861074651353569
2007,"Batman",2,938,469,79.98,39.99,329.235,174.82,0.0852665245202559
2007,"Belville",4,494,123.5,139.96,34.99,67.8225,32.3666666666667,0.28331983805668
2007,"Bionicle",30,3848,124.129032258065,436.75,16.7980769230769,133.814285714286,48.3251724137931,0.11350051975052
2007,"Castle",8,3006,375.75,323.92,40.49,217.9225,106.9475,0.107757817697937
2007,"City",28,9659,333.068965517241,499.85,33.3233333333333,117.750952380952,36.2621052631579,0.051749663526245
2007,"Creator",18,7810,411.052631578947,416.86,27.7906666666667,91.7275,39.168,0.0533751600512164
2007,"Creator Expert",3,6732,2244,429.97,143.323333333333,2341.08333333333,753.373333333333,0.063869578134284
2007,"Duplo",31,1838,54.0588235294118,665.76,27.74,66.817,33.5475,0.362219804134929
2007,"Education",17,7057,415.117647058824,426.48,106.62,161.722727272727,118.09,0.0604336120164376
2007,"Exo-Force",17,4527,251.5,320.89,29.1718181818182,61.3106666666667,35.878,0.0708835873647007
2007,"Factory",1,1080,1080,100,100,540.11,251.84,0.0925925925925926
2007,"Harry Potter",1,943,943,89.99,89.99,677.52,400,0.0954294803817603
2007,"Make and Create",21,9497,452.238095238095,191.95,27.4214285714286,24.7271428571429,12.9690909090909,0.0202116457828788
2007,"Miscellaneous",1,1248,1248,0,NA,NA,NA,0
2007,"Racers",21,6753,321.571428571429,509.84,28.3244444444444,87.8861904761905,37.9566666666667,0.0754982970531616
2007,"Serious Play",1,147,147,0,NA,NA,NA,0
2007,"Space",8,3036,379.5,324.92,40.615,119.22625,52.38125,0.107022397891963
2007,"SpongeBob SquarePants",2,730,365,84.98,42.49,136.915,69.575,0.11641095890411
2007,"Sports",1,6,6,0,NA,349,258.87,0
2007,"Star Wars",15,12405,827,1179.85,78.6566666666667,320.367333333333,160.512,0.0951108424022571
2007,"Technic",6,3851,641.833333333333,329.94,54.99,195.82,66.1333333333333,0.0856764476759283
2007,"Trains",1,27,27,44.99,44.99,115,NA,1.6662962962963
2008,"Agents",8,3901,487.625,359.92,44.99,116.0325,56.81875,0.0922635221738016
2008,"Architecture",2,275,68.75,39.98,19.99,500.355,73.675,0.145381818181818
2008,"Batman",4,999,249.75,109.96,27.49,321.275,128.7525,0.11007007007007
2008,"Belville",4,796,199,152.96,38.24,43.3825,45.86,0.192160804020101
2008,"Bionicle",32,4223,120.657142857143,552.72,19.74,112.742068965517,42.30375,0.130883258347147
2008,"Bricks and More",16,7324,457.75,308.88,25.74,36.9018181818182,21.3036363636364,0.0421736755871109
2008,"Castle",14,1999,142.785714285714,246.91,24.691,97.6618181818182,51.4763636363636,0.12351675837919
2008,"City",40,15134,336.311111111111,544.78,24.7627272727273,77.8761538461538,19.5229032258065,0.0359970926390908
2008,"Creator",10,3902,390.2,247.92,30.99,72.785,35.6125,0.0635366478728857
2008,"Creator Expert",5,12696,2539.2,719.96,179.99,846.926,438.108,0.0567076244486452
2008,"Duplo",27,1803,60.1,874.76,36.4483333333333,85.7905,37.6661904761905,0.485169162506933
2008,"Education",10,2439,243.9,519.9,86.65,139.0775,75.1985714285714,0.213161131611316
2008,"Exo-Force",7,1468,209.714285714286,110.93,15.8471428571429,52.7685714285714,24.6071428571429,0.0755653950953678
2008,"Factory",3,2744,914.666666666667,269.97,89.99,129.203333333333,77.2433333333333,0.0983855685131195
2008,"Indiana Jones",11,3737,339.727272727273,369.9,36.99,222.724545454545,126.976363636364,0.098983141557399
2008,"Mindstorms",2,13,6.5,0,NA,58.825,50,0
2008,"Miscellaneous",2,113,56.5,17.99,17.99,107.35,24.99,0.159203539823009
2008,"Power Functions",1,10,10,29.99,29.99,75.47,54.13,2.999
2008,"Racers",25,7009,280.36,602.79,28.7042857142857,81.8078260869565,32.9995652173913,0.0860022827792838
2008,"Serious Play",1,6,6,0,NA,2.25,1.8,0
2008,"Space",9,2923,324.777777777778,266.92,33.365,113.647777777778,57.2022222222222,0.0913171399247349
2008,"SpongeBob SquarePants",3,725,241.666666666667,79.97,26.6566666666667,144.673333333333,59.1533333333333,0.110303448275862
2008,"Star Wars",19,11310,565.5,1168.82,64.9344444444444,196.81,104.13,0.103343943412909
2008,"Technic",8,4981,622.625,382.93,54.7042857142857,134.47,48.1128571428571,0.0768781369202971
2009,"Agents",5,1738,347.6,189.95,37.99,73.196,28.228,0.109292289988493
2009,"Architecture",4,1153,288.25,179.96,44.99,167.6275,71.4725,0.156079791847355
2009,"Bionicle",28,3712,123.733333333333,527.74,20.2976923076923,98.9574074074074,45.2418518518519,0.142171336206897
2009,"Bricks and More",16,8715,544.6875,214.91,23.8788888888889,26.5385714285714,25.3514285714286,0.0246597819850832
2009,"Castle",6,2964,494,289.94,48.3233333333333,179.435,131.96,0.0978205128205128
2009,"City",30,10948,322,799.77,36.3531818181818,97.4128125,38.129,0.0730516989404457
2009,"Creator",12,4986,415.5,321.91,29.2645454545455,55.7518181818182,26.0127272727273,0.0645627757721621
2009,"Creator Expert",4,7394,1848.5,559.96,139.99,915.03,499.1275,0.0757316743305383
2009,"Duplo",29,1676,55.8666666666667,814.77,35.4247826086957,62.1171428571429,28.817619047619,0.486139618138425
2009,"Education",8,2298,287.25,575.95,115.19,120.645,142.715,0.250630983463882
2009,"Games",10,1969,196.9,154.91,17.2122222222222,26.6125,12.5866666666667,0.0786744540375825
2009,"Indiana Jones",7,2342,334.571428571429,290.93,41.5614285714286,205.555714285714,106.28,0.124222886421862
2009,"Mindstorms",1,619,619,279.99,279.99,300,182.99,0.45232633279483
2009,"Miscellaneous",10,1718,171.8,53.97,17.99,1004.69,41.7666666666667,0.0314144353899884
2009,"Pirates",11,1875,170.454545454545,247.91,27.5455555555556,122.148,59.842,0.132218666666667
2009,"Power Functions",1,7,7,10.99,10.99,13,10,1.57
2009,"Power Miners",13,4314,331.846153846154,455.88,37.99,135.195833333333,67.33,0.10567454798331
2009,"Racers",24,4653,193.875,484.79,23.0852380952381,61.5170833333333,20.0245833333333,0.104188695465291
2009,"Seasonal",5,365,73,44.95,8.99,16.99,12.262,0.123150684931507
2009,"Space",10,2645,264.5,312.9,31.29,62.301,35.184,0.118298676748582
2009,"SpongeBob SquarePants",2,634,317,64.98,32.49,204.495,51.2,0.102492113564669
2009,"Star Wars",29,11234,387.379310344828,1286.79,58.4904545454545,187.29,100.285357142857,0.114544240697881
2009,"Technic",11,7106,646,549.9,54.99,164.842727272727,73.6363636363636,0.0773853081902618
2010,"Architecture",1,560,560,49.99,49.99,97.45,39.47,0.0892678571428571
2010,"Atlantis",15,4499,299.933333333333,419.86,29.99,54.2226666666667,26.072,0.093322960657924
2010,"Ben 10: Alien Force",6,114,19,89.94,14.99,38.9466666666667,11.635,0.788947368421053
2010,"Bionicle",6,113,18.8333333333333,47.94,7.99,34.8366666666667,9.09333333333333,0.424247787610619
2010,"Bricks and More",8,4482,560.25,99.96,24.99,50.92,14.1014285714286,0.0223025435073628
2010,"Castle",11,1951,162.583333333333,263.89,23.99,80.5683333333333,43.1733333333333,0.135258841619682
2010,"City",31,13534,365.783783783784,1117.74,42.99,101.746388888889,41.7262068965517,0.082587557263189
2010,"Collectable Minifigures",34,460,13.5294117647059,63.68,1.99,15.039375,9.7565625,0.138434782608696
2010,"Creator",8,3094,386.75,269.92,33.74,57.32875,26.52875,0.0872398190045249
2010,"Creator Expert",6,11014,1835.66666666667,844.94,140.823333333333,470.25,330.063333333333,0.0767150898856001
2010,"Duplo",32,1309,39.6666666666667,718.74,27.6438461538462,52.0583333333333,25.6896153846154,0.549075630252101
2010,"Education",14,10550,753.571428571429,349.85,116.616666666667,116.669166666667,93.9575,0.0331611374407583
2010,"Games",9,1431,159,139.93,19.99,32.905,19.88,0.0977847658979735
2010,"Harry Potter",6,3172,528.666666666667,340.94,56.8233333333333,165.881666666667,75.4866666666667,0.107484237074401
2010,"HERO Factory",15,1235,82.3333333333333,244.85,16.3233333333333,40.844,17.9446666666667,0.198259109311741
2010,"Miscellaneous",5,653,130.6,37.98,18.99,668.225,31.54,0.0581623277182236
2010,"Power Miners",4,890,222.5,114.96,28.74,69.3775,28.3625,0.129168539325843
2010,"Prince of Persia",6,1863,310.5,190.95,38.19,59.9916666666667,44.21,0.102495974235105
2010,"Racers",18,2538,141,235.86,16.8471428571429,31.395,12.075,0.0929314420803783
2010,"Seasonal",9,441,49,40.91,4.54555555555556,11.0211111111111,5.51,0.0927664399092971
2010,"Serious Play",9,6194,688.222222222222,521.98,260.99,114.65375,14.995,0.084271876009041
2010,"Space",5,1596,319.2,179.95,35.99,101.858,46.198,0.112750626566416
2010,"Star Wars",24,11379,392.379310344828,1183.78,53.8081818181818,139.626428571429,86.2671428571429,0.104031988751208
2010,"Technic",11,6337,576.090909090909,625.9,62.59,190.536363636364,73.3581818181818,0.0987691336594603
2010,"Toy Story",15,3085,205.666666666667,408.87,31.4515384615385,66.63,37.4866666666667,0.132534846029173
2010,"Universe",2,60,30,9.99,9.99,20.115,6.795,0.1665
2010,"World Racers",9,2443,271.444444444444,257.92,32.24,31.1088888888889,16.22,0.105575112566517
2011,"Architecture",6,3702,617,379.94,63.3233333333333,225.398333333333,120.951666666667,0.102631010264722
2011,"Atlantis",5,1311,262.2,134.95,26.99,63.414,36.324,0.102936689549962
2011,"Bricks and More",8,3775,471.875,54.96,13.74,26.368,20.0142857142857,0.014558940397351
2011,"Cars",18,5327,295.944444444444,478.86,34.2042857142857,63.6422222222222,28.4782352941176,0.0898929979350479
2011,"Castle",4,1238,309.5,139.96,34.99,152.15,123.245,0.113053311793215
2011,"City",27,9290,320.344827586207,887.78,40.3536363636364,88.7578571428571,39.0888461538462,0.0955629709364909
2011,"Collectable Minifigures",51,652,12.7843137254902,143.52,2.99,9.14916666666667,6.068125,0.220122699386503
2011,"Creator",11,2951,268.272727272727,246.9,24.69,39.828,20.173,0.0836665537106066
2011,"Creator Expert",5,6652,1330.4,559.95,111.99,382.976,248.19,0.0841776909200241
2011,"DC Comics Super Heroes",1,6,6,0,NA,1038.9,NA,0
2011,"Duplo",32,1424,44.5,629.77,27.3813043478261,48.6786666666667,30.5157692307692,0.442254213483146
2011,"Education",8,5689,711.125,486.82,81.1366666666667,101.18,83.336,0.0855721567938126
2011,"Games",13,1683,129.461538461538,203.89,18.5354545454545,22.62125,21.4083333333333,0.121146761734997
2011,"Harry Potter",10,2992,299.2,264.92,26.492,117.79,70.0014285714286,0.0885427807486631
2011,"HERO Factory",24,1673,64.3461538461538,273.78,12.4445454545455,38.4381818181818,14.5572727272727,0.163646144650329
2011,"Ideas",1,413,413,0,NA,1052.1,449.55,0
2011,"Life of George",1,146,146,29.99,29.99,6.92,7.72,0.20541095890411
2011,"Master Builder Academy",4,705,176.25,29.99,29.99,26.5775,16.04,0.0425390070921986
2011,"Miscellaneous",16,2430,142.941176470588,166.48,23.7828571428571,451.3575,122.582,0.0685102880658436
2011,"Ninjago",39,7575,189.375,823.62,24.2241176470588,59.7435897435897,26.368717948718,0.108728712871287
2011,"Pharaoh's Quest",9,1863,207,229.93,32.8471428571429,75.2855555555556,43.1322222222222,0.123419216317767
2011,"Pirates of the Caribbean",10,4157,415.7,486.9,48.69,237.934,122.564,0.117127736348328
2011,"Power Functions",1,7,7,13.99,13.99,22.27,15.03,1.99857142857143
2011,"Racers",9,583,64.7777777777778,75.92,9.49,18.5288888888889,4.34555555555556,0.130222984562607
2011,"Seasonal",14,944,67.4285714285714,68.88,5.74,15.5945454545455,7.764,0.0729661016949153
2011,"Space",10,2278,227.8,269.92,33.74,47.68,26.54,0.118489903424056
2011,"SpongeBob SquarePants",2,264,132,34.98,17.49,68.63,26.785,0.1325
2011,"Star Wars",27,12981,418.741935483871,1398.79,60.8169565217391,163.21064516129,84.68,0.107756721361991
2011,"Technic",11,8468,769.818181818182,685.9,68.59,151.224545454545,66.305,0.0809990552668871
2012,"Architecture",4,1601,400.25,174.96,43.74,211.975,97.1175,0.109281698938164
2012,"Bricks and More",6,1863,310.5,109.94,18.3233333333333,32.83,14.6416666666667,0.0590123456790123
2012,"Cars",9,1633,181.444444444444,142.92,17.865,45.2866666666667,21.1225,0.0875199020208206
2012,"Castle",1,1575,1575,119.99,119.99,323.86,315.74,0.076184126984127
2012,"City",39,12561,306.365853658537,1020.68,30.929696969697,58.2079487179487,26.0211111111111,0.0812578616352201
2012,"Collectable Minifigures",66,1106,16.7575757575758,228.39,3.74409836065574,15.0327868852459,10.1447540983607,0.206500904159132
2012,"Creator",13,2807,215.923076923077,264.9,26.49,28.4923076923077,13.5675,0.0943712148200926
2012,"Creator Expert",3,5139,1713,399.97,133.323333333333,473.006666666667,364.883333333333,0.0778303171823312
2012,"DC Comics Super Heroes",12,2409,200.75,281.9,25.6272727272727,38.0608333333333,20.5575,0.117019510170195
2012,"Dino",7,2241,320.142857142857,316.93,45.2757142857143,116.995714285714,54.0585714285714,0.141423471664436
2012,"Duplo",35,1495,41.5277777777778,724.73,26.8418518518519,52.9303125,29.245,0.484769230769231
2012,"Education",7,4035,576.428571428571,0,NA,100.008,79.41,0
2012,"Friends",25,5969,238.76,592.77,25.7726086956522,49.6666666666667,16.0030434782609,0.099308091807673
2012,"Games",7,1521,217.285714285714,74.97,24.99,21.352,25.045,0.0492899408284024
2012,"HERO Factory",24,1472,58.88,256.82,14.2677777777778,38.6966666666667,13.2904761904762,0.174470108695652
2012,"Ideas",2,849,424.5,84.98,42.49,187.33,114.66,0.100094228504123
2012,"Life of George",1,146,146,29.99,29.99,16.71,5.89,0.20541095890411
2012,"Make and Create",1,1000,1000,0,NA,75.69,38.01,0
2012,"Marvel Super Heroes",12,2084,160.307692307692,252.9,25.29,48.1684615384615,27.5492307692308,0.121353166986564
2012,"Master Builder Academy",5,1052,210.4,0,NA,31.548,27,0
2012,"Miscellaneous",10,2857,285.7,54.96,10.992,1049.35666666667,157.48,0.0192369618480924
2012,"Monster Fighters",9,5348,594.222222222222,523.91,58.2122222222222,157.871111111111,108.214444444444,0.0979637247569185
2012,"Ninjago",42,7606,176.883720930233,851.63,23.017027027027,61.316511627907,26.9447619047619,0.11196818301341
2012,"Racers",11,626,56.9090909090909,39.96,9.99,11.1009090909091,3.90090909090909,0.0638338658146965
2012,"Seasonal",10,544,54.4,57.91,6.43444444444444,17.0711111111111,11.43,0.106452205882353
2012,"SpongeBob SquarePants",2,712,356,74.98,37.49,178.79,83.075,0.105308988764045
2012,"Star Wars",33,13195,377,1409.7,46.99,116.694857142857,74.8011764705882,0.106835922697992
2012,"Technic",10,7213,721.3,676.91,75.2122222222222,129.226,59.666,0.093845833910994
2012,"The Hobbit",9,2692,299.111111111111,309.92,34.4355555555556,108.7875,75.54875,0.115126300148588
2012,"The Lord of the Rings",10,3567,356.7,380.92,38.092,134.883,104.646,0.106790019624334
2013,"Architecture",5,3942,788.4,374.96,93.74,332.53,185.72,0.095119228817859
2013,"Bricks and More",9,3636,404,134.93,19.2757142857143,41.2744444444444,17.41625,0.0371094609460946
2013,"Castle",5,1909,381.8,211.95,42.39,154.162,75.914,0.111026715557884
2013,"City",39,10928,280.205128205128,1136.69,36.6674193548387,57.3338461538462,25.2294444444444,0.104016288433382
2013,"Collectable Minifigures",54,656,12.1481481481481,152.49,2.99,12.3639583333333,8.44354166666667,0.232454268292683
2013,"Creator",18,3970,220.555555555556,326.87,25.1438461538462,36.1555555555556,18.1058823529412,0.0823350125944584
2013,"Creator Expert",4,7797,1949.25,699.96,174.99,276.54,228.0925,0.089772989611389
2013,"DC Comics Super Heroes",8,2935,366.875,307.93,43.99,51.8125,38.45125,0.104916524701874
2013,"Duplo",34,1490,43.8235294117647,896.68,28.02125,42.368064516129,24.8082608695652,0.601798657718121
2013,"Education",10,5063,506.3,795.75,159.15,212.012,222.706666666667,0.15716966225558
2013,"Friends",33,5125,155.30303030303,444.72,15.8828571428571,27.3196666666667,8.69714285714286,0.0867746341463415
2013,"Games",4,1231,307.75,109.96,27.49,20,NA,0.0893257514216084
2013,"HERO Factory",20,2254,98,212.85,14.19,35.518125,13.0970588235294,0.0944321206743567
2013,"Ideas",1,401,401,34.99,34.99,181.48,123.72,0.0872568578553616
2013,"Legends of Chima",53,11125,209.905660377358,1188.59,28.99,29.4640816326531,14.8615217391304,0.106839550561798
2013,"Marvel Super Heroes",7,1404,200.571428571429,147.94,24.6566666666667,58.7085714285714,34.4185714285714,0.10537037037037
2013,"Master Builder Academy",5,3032,505.333333333333,289.96,72.49,90.275,69.714,0.0956332453825857
2013,"Mindstorms",1,601,601,349.99,349.99,414.89,243.13,0.58234608985025
2013,"Minecraft",3,954,318,69.98,34.99,65.23,25.23,0.0733542976939203
2013,"Miscellaneous",10,1853,185.3,29.98,14.99,1315.08666666667,118.766666666667,0.0161791689152725
2013,"Ninjago",8,1820,227.5,204.93,29.2757142857143,58.1625,27.22375,0.112598901098901
2013,"Pirates",1,39,39,14.99,14.99,59.58,27,0.384358974358974
2013,"Racers",1,30,30,0,NA,8.26,5.69,0
2013,"Seasonal",17,1064,62.5882352941176,115.84,7.24,24.49,15.554375,0.108872180451128
2013,"Serious Play",3,5203,1734.33333333333,1544.98,772.49,497.353333333333,NA,0.296940226792235
2013,"Space",12,4380,365,479.38,39.9483333333333,60.1833333333333,37.2891666666667,0.109447488584475
2013,"Star Wars",40,16345,398.658536585366,1515.69,48.8932258064516,165.365897435897,93.7584615384615,0.0927311104313246
2013,"Technic",12,8744,728.666666666667,947.88,78.99,154.1275,85.1625,0.108403476669716
2013,"Teenage Mutant Ninja Turtles",7,2061,294.428571428571,211.93,30.2757142857143,49.5171428571429,27.6616666666667,0.102828723920427
2013,"The Hobbit",8,1960,245,214.94,35.8233333333333,97.13,68.93125,0.109663265306122
2013,"The Lone Ranger",8,2483,310.375,286.93,40.99,80.53,60.17,0.115557792992348
2013,"The Lord of the Rings",5,4127,825.4,402.95,80.59,215.768,176.768,0.0976375090865035
2014,"Architecture",2,1052,526,84.98,42.49,120.365,66.04,0.0807794676806084
2014,"Bricks and More",2,1600,800,59.99,59.99,51.635,NA,0.03749375
2014,"Castle",2,74,37,29.98,14.99,48.98,29.25,0.405135135135135
2014,"City",40,12435,310.875,1427.17,43.2475757575758,78.48325,40.2845945945946,0.114770406111781
2014,"Collectable Minifigures",51,600,11.7647058823529,175.52,3.65666666666667,7.76375,5.66854166666667,0.292533333333333
2014,"Creator",18,4074,226.333333333333,321.15,21.41,26.8038888888889,14.8138888888889,0.0788291605301915
2014,"Creator Expert",5,7693,1538.6,629.95,125.99,241.538,197.424,0.0818861302482777
2014,"DC Comics Super Heroes",11,3260,296.363636363636,321.93,40.24125,96.097,41.476,0.0987515337423313
2014,"Disney",7,1728,246.857142857143,206.93,29.5614285714286,53.7971428571429,23.2471428571429,0.119751157407407
2014,"Duplo",39,1437,36.8461538461538,828.89,25.9028125,37.7729411764706,21.4035714285714,0.576819763395964
2014,"Education",9,6155,683.888888888889,139.95,139.95,98.8411111111111,104.99,0.0227376116978067
2014,"Friends",43,7726,179.674418604651,736.67,23.7635483870968,27.9624390243902,11.5289473684211,0.0953494693243593
2014,"Fusion",4,954,238.5,139.96,34.99,27.765,12.9975,0.146708595387841
2014,"HERO Factory",17,1619,95.2352941176471,249.85,16.6566666666667,43.4352941176471,18.5352941176471,0.154323656578135
2014,"Ideas",4,1289,322.25,134.96,33.74,137.1675,60.99,0.104701318851823
2014,"Juniors",11,2102,191.090909090909,262.89,23.8990909090909,38.49,23.3318181818182,0.125066603235014
2014,"Legends of Chima",50,10202,204.04,1076.26,24.4604545454545,36.5765957446809,18.2026666666667,0.1054950009802
2014,"Marvel Super Heroes",12,3009,250.75,381.88,31.8233333333333,79.6333333333333,35.4381818181818,0.126912595546693
2014,"Minecraft",7,3433,490.428571428571,354.93,50.7042857142857,109.2,42.6671428571429,0.103387707544422
2014,"Miscellaneous",9,2740,304.444444444444,24.98,12.49,591.035555555556,116.208571428571,0.00911678832116788
2014,"Mixels",30,3310,110.333333333333,134.73,4.99,36.2956666666667,8.5062962962963,0.0407039274924471
2014,"Ninjago",10,3935,393.5,431.9,43.19,97.802,48.628,0.109758576874206
2014,"Seasonal",12,979,81.5833333333333,91.9,9.19,19.1009090909091,11.3554545454545,0.0938712972420838
2014,"Space",1,19,19,0,NA,16.71,8.3,0
2014,"Star Wars",40,18236,444.780487804878,1561.16,45.9164705882353,137.628048780488,79.9484615384615,0.0856086861153762
2014,"Technic",11,7424,674.909090909091,802.89,72.99,120.814545454545,59.6272727272727,0.108147898706897
2014,"Teenage Mutant Ninja Turtles",9,3776,419.555555555556,397.91,44.2122222222222,71.7088888888889,48.3577777777778,0.105378707627119
2014,"The Hobbit",5,1756,351.2,234.96,58.74,158.336,115.166,0.13380410022779
2014,"The LEGO Movie",17,10484,616.705882352941,950.83,55.9311764705882,83.0323529411765,53.2217647058824,0.0906934376192293
2014,"The Simpsons",1,2523,2523,199.99,199.99,356.78,281.29,0.0792667459373761
2014,"Ultra Agents",6,2720,453.333333333333,271.94,45.3233333333333,60.1866666666667,31.265,0.0999779411764706
2015,"Architecture",3,1440,480,129.97,43.3233333333333,102.333333333333,60.71,0.0902569444444444
2015,"Bionicle",20,1633,81.65,269.82,14.99,45.321052631579,17.5121052631579,0.165229638701776
2015,"City",41,15008,366.048780487805,1619.65,46.2757142857143,69.70325,39.0064102564103,0.107919109808102
2015,"Classic",7,4181,597.285714285714,236.93,33.8471428571429,42.96,28.5071428571429,0.0566682611815355
2015,"Collectable Minifigures",52,567,10.9038461538462,195.51,3.99,5.58104166666667,4.13020833333333,0.344814814814815
2015,"Creator",14,3538,252.714285714286,324.87,24.99,38.6957142857143,20.0578571428571,0.0918230638778971
2015,"Creator Expert",4,6782,1695.5,539.96,134.99,298.9125,234.485,0.0796166322618697
2015,"DC Comics Super Heroes",9,3291,365.666666666667,358.92,44.865,178.682222222222,56.8755555555556,0.109061075660893
2015,"Dimensions",31,3114,100.451612903226,964.7,32.1566666666667,21.5535483870968,14.8332258064516,0.309794476557482
2015,"Disney",4,910,227.5,127.96,31.99,60.0375,34.225,0.140615384615385
2015,"Duplo",42,1761,41.9285714285714,809.69,26.1190322580645,46.8830555555556,29.607037037037,0.459789892106757
2015,"Education",24,3276,136.5,242.93,34.7042857142857,36.0204545454545,170.3,0.0741544566544567
2015,"Elves",10,2816,281.6,274.92,34.365,60.033,30.72,0.0976278409090909
2015,"Friends",49,9673,197.408163265306,831.7,27.7233333333333,32.9647826086956,18.0563636363636,0.0859815982632069
2015,"Ideas",4,2364,591,224.96,56.24,162.2675,123.1425,0.095160744500846
2015,"Juniors",8,972,121.5,159.92,19.99,29.33125,15.6085714285714,0.164526748971193
2015,"Jurassic World",9,2912,323.555555555556,339.94,56.6566666666667,114.00125,61.6788888888889,0.116737637362637
2015,"Legends of Chima",14,4702,335.857142857143,468.86,33.49,49.375,29.3071428571429,0.099715014887282
2015,"Marvel Super Heroes",15,6202,413.466666666667,715.89,65.0809090909091,86.1385714285714,60.77,0.115428893905192
2015,"Minecraft",4,1636,409,199.96,49.99,81.1325,37.06,0.122224938875306
2015,"Miscellaneous",12,2654,221.166666666667,29.98,14.99,337.695,65.0475,0.0112961567445365
2015,"Mixels",30,3224,107.466666666667,134.73,4.99,34.1393333333333,6.29074074074074,0.0417897022332506
2015,"Ninjago",42,11554,275.095238095238,1144.71,39.4727586206897,55.84,35.2115789473684,0.0990747792972131
2015,"Pirates",7,2289,327,242.94,40.49,97.7,69.2442857142857,0.106133682830931
2015,"Scooby-Doo",5,1836,367.2,204.95,40.99,114.382,89.778,0.111628540305011
2015,"Seasonal",12,1655,137.916666666667,74.92,8.32444444444445,27.7309090909091,17.7245454545455,0.0452688821752266
2015,"Serious Play",1,186,186,0,NA,97.37,NA,0
2015,"Space",1,102,102,0,NA,20.49,12.95,0
2015,"Speed Champions",7,2403,343.285714285714,239.93,34.2757142857143,103.927142857143,51.8728571428571,0.099846025801082
2015,"Star Wars",53,19670,333.389830508475,2089.57,48.5946511627907,67.2348275862069,45.3365517241379,0.106231316725979
2015,"Technic",13,9423,724.846153846154,917.87,70.6053846153846,122.010769230769,66.0523076923077,0.0974074074074074
2015,"The LEGO Movie",3,604,201.333333333333,54.97,18.3233333333333,44.7,26.1,0.0910099337748344
2015,"The Simpsons",1,2179,2179,199.99,199.99,383.39,319.35,0.0917806333180358
2015,"Ultra Agents",8,3613,451.625,379.92,47.49,109.23875,82.79,0.105153611956823
2016,"Architecture",6,3244,540.666666666667,309.94,51.6566666666667,125.833333333333,88.4383333333333,0.0955425400739827
2016,"Bionicle",20,1977,98.85,264.83,15.5782352941176,63.1926315789474,30.8468421052632,0.133955488113303
2016,"BrickHeadz",4,789,197.25,159.96,39.99,713.515,398.87,0.202737642585551
2016,"Castle",1,47,47,0,NA,18.95,14,0
2016,"City",44,12286,279.227272727273,1546.62,40.7005263157895,53.1936363636364,32.4954761904762,0.125884746866352
2016,"Classic",3,3183,1061,89.98,44.99,71.0233333333333,43.0866666666667,0.0282689286836318
2016,"Collectable Minifigures",74,869,11.7432432432432,199.5,3.99,7.56739130434783,5.71811594202899,0.229574223245109
2016,"Creator",16,4212,263.25,368.35,24.5566666666667,34.24875,20.674375,0.0874525166191833
2016,"Creator Expert",4,8444,2111,619.96,154.99,294.845,246.9,0.0734201800094742
2016,"DC Comics Super Heroes",15,5817,387.8,596.88,49.74,43.662,35.205,0.102609592573491
2016,"Dimensions",24,2101,87.5416666666667,518.76,21.615,27.91625,20.53625,0.246910994764398
2016,"Disney",12,5801,483.416666666667,555.91,61.7677777777778,67.013,42.8763636363636,0.0958300293052922
2016,"Duplo",38,1178,31,784.71,27.0589655172414,33.389375,23.25,0.666137521222411
2016,"Education",18,6409,356.055555555556,559.89,186.63,80.5792857142857,198.305,0.0873599625526603
2016,"Elves",12,4740,395,429.9,42.99,109.2575,64.4766666666667,0.0906962025316456
2016,"Friends",47,9785,208.191489361702,858.71,29.6106896551724,34.9251111111111,17.5467647058824,0.0877577925396014
2016,"Ghostbusters",2,5190,2595,409.98,204.99,356.01,312.305,0.0789942196531792
2016,"Ideas",3,2093,697.666666666667,209.97,69.99,139.66,104.62,0.100320114667941
2016,"Juniors",11,1140,103.636363636364,190.9,19.09,26.4945454545455,15.5145454545455,0.167456140350877
2016,"Marvel Super Heroes",16,4920,307.5,469.87,36.1438461538462,61.3875,43.260625,0.0955020325203252
2016,"Minecraft",7,4428,553.5,529.92,66.24,165.7875,91.51125,0.119674796747967
2016,"Miscellaneous",12,7723,643.583333333333,179.97,59.99,126.265,88.1633333333333,0.0233031205490095
2016,"Mixels",30,3458,115.266666666667,134.73,4.99,20.8368965517241,7.5537037037037,0.0389618276460382
2016,"Nexo Knights",50,9413,188.26,839.7,27.99,25.4272916666667,15.2271428571429,0.0892064166578137
2016,"Ninjago",36,9318,251.837837837838,784.83,46.1664705882353,44.9166666666667,26.9557575757576,0.0842273019961365
2016,"Seasonal",15,1832,122.133333333333,69.92,8.74,23.1385714285714,12.6625,0.0381659388646288
2016,"Speed Champions",7,2540,362.857142857143,209.93,29.99,94.0142857142857,65.0314285714286,0.0826496062992126
2016,"Star Wars",62,20572,321.4375,2360.56,53.6490909090909,61.2675,43.9917741935484,0.114746257048415
2016,"Technic",12,12934,1077.83333333333,1252.88,104.406666666667,162.8325,106.531666666667,0.0968671717952683
2016,"The Angry Birds Movie",6,2384,397.333333333333,252.94,42.1566666666667,55.3833333333333,34.515,0.106098993288591
2017,"Architecture",6,3177,529.5,229.95,45.99,104.15,75.8566666666667,0.0723796033994334
2017,"Boost",1,843,843,159.99,159.99,137.76,100.15,0.189786476868327
2017,"BrickHeadz",21,2845,135.47619047619,299.8,14.99,99.9235,30.7183333333333,0.105377855887522
2017,"City",51,13892,267.153846153846,1568.62,41.2794736842105,42.4273076923077,26.776,0.11291534696228
2017,"Classic",7,1920,274.285714285714,19.96,4.99,19.5783333333333,7.88833333333333,0.0103958333333333
2017,"Collectable Minifigures",60,738,12.3,243.43,4.27070175438597,5.23894736842105,3.71982456140351,0.329850948509485
2017,"Creator",20,4998,249.9,439.84,27.49,28.507,19.9426315789474,0.0880032012805122
2017,"Creator Expert",5,15183,3036.6,1069.95,213.99,265.07,215.308,0.0704702627939142
2017,"DC Comics Super Heroes",8,2401,300.125,259.93,37.1328571428571,35.73,26.1975,0.108259058725531
2017,"DC Super Hero Girls",10,3645,364.5,409.9,40.99,44.255,30.299,0.112455418381344
2017,"Dimensions",11,862,78.3636363636364,229.89,20.8990909090909,21.7081818181818,16.1190909090909,0.26669373549884
2017,"Disney",9,2111,234.555555555556,250.92,31.365,39.3111111111111,24.67,0.118863098057793
2017,"Duplo",35,1252,35.7714285714286,680.75,27.23,28.2016666666667,27.8963157894737,0.543730031948882
2017,"Education",8,3788,473.5,184.95,184.95,103.425,72.75,0.048825237592397
2017,"Elves",10,2950,295,299.92,37.49,43.675,38.1377777777778,0.10166779661017
2017,"Friends",44,8420,191.363636363636,867.68,27.115,30.9716666666667,18.6783333333333,0.103049881235154
2017,"Ideas",4,4744,1186,344.96,86.24,150.285,120.335,0.0727150084317032
2017,"Juniors",18,1889,104.944444444444,359.83,21.1664705882353,27.9983333333333,19.339375,0.190487030174696
2017,"Marvel Super Heroes",14,3666,261.857142857143,409.87,31.5284615384615,54.4264285714286,39.8471428571429,0.111803055100927
2017,"Minecraft",9,7619,846.555555555556,699.91,77.7677777777778,216.123333333333,173.16,0.0918637616485103
2017,"Miscellaneous",10,3038,276.181818181818,91.97,30.6566666666667,93.5975,96.1133333333333,0.0302732060566162
2017,"Nexo Knights",41,7327,178.707317073171,698.77,30.3813043478261,30.0294871794872,22.5957575757576,0.0953691824757745
2017,"Ninjago",20,3449,149.95652173913,302.91,33.6566666666667,33.7373913043478,23.4204347826087,0.0878254566541026
2017,"Pirates of the Caribbean",1,2294,2294,199.99,199.99,314.83,254.98,0.0871795989537925
2017,"Seasonal",12,1649,137.416666666667,67.93,9.70428571428571,20.2441666666667,12.7166666666667,0.0411946634323833
2017,"Speed Champions",8,2643,330.375,239.93,34.2757142857143,115.42375,76.26,0.090779417328793
2017,"Star Wars",58,25602,419.704918032787,2803.57,65.1993023255814,65.1349180327869,51.5287931034483,0.109505897976721
2017,"Technic",13,10526,809.692307692308,1199.87,92.2976923076923,104.565384615385,65.0861538461538,0.113991069732092
2017,"The LEGO Batman Movie",27,14375,532.407407407407,1382.77,62.8531818181818,70.0166666666667,51.3336,0.0961926956521739
2017,"The LEGO Ninjago Movie",20,17359,867.95,1289.81,67.8847368421053,109.872,87.3573684210526,0.0743020911342819
2018,"Architecture",4,3821,764.2,309.95,61.99,78.5475,58.115,0.0811175085056268
2018,"BrickHeadz",42,7657,182.309523809524,569.59,13.8924390243902,35.4204761904762,24.5660975609756,0.0743881415698054
2018,"City",47,12276,261.191489361702,1696.64,47.1288888888889,40.4684782608696,32.1951162790698,0.138207885304659
2018,"Classic",12,4568,380.666666666667,224.92,28.115,25.16,14.06625,0.0492381786339755
2018,"Collectable Minifigures",62,854,13.7741935483871,235.41,3.99,6.89677966101695,5.23576271186441,0.275655737704918
2018,"Creator",17,5216,306.823529411765,478.85,31.9233333333333,31.8594117647059,23.2758823529412,0.0918040644171779
2018,"Creator Expert",5,9886,1977.2,999.95,199.99,228.732,202.402,0.101148088205543
2018,"DC Comics Super Heroes",13,2160,166.153846153846,312.89,28.4445454545455,34.8984615384615,26.9561538461538,0.144856481481481
2018,"Disney",11,2324,211.272727272727,274.91,30.5455555555556,33.679,26.4575,0.1182917383821
2018,"Duplo",31,948,30.5806451612903,714.76,29.7816666666667,29.9303846153846,25.762,0.753966244725738
2018,"Education",3,2819,939.666666666667,219.95,219.95,155.513333333333,150,0.0780241220290883
2018,"Elves",7,3344,477.714285714286,294.93,42.1328571428571,84.4057142857143,68.62,0.0881967703349282
2018,"Friends",46,9638,209.521739130435,908.68,28.39625,24.8939130434783,23.3442857142857,0.0942809711558415
2018,"Harry Potter",9,9975,1108.33333333333,778.91,86.5455555555556,92.8366666666667,73.2666666666667,0.0780862155388471
2018,"Ideas",4,4372,1093,354.96,88.74,125.0975,95.91,0.0811893870082342
2018,"Juniors",19,2322,122.210526315789,409.83,24.1076470588235,25.0984210526316,18.9725,0.176498708010336
2018,"Jurassic World",13,3824,294.153846153846,453.91,50.4344444444444,244.0625,152.595833333333,0.118700313807531
2018,"Marvel Super Heroes",16,5566,347.875,502.85,33.5233333333333,68.115625,42.390625,0.0903431548688466
2018,"Minecraft",10,3188,318.8,339.9,33.99,59.756,46.858,0.106618569636136
2018,"Miscellaneous",12,2523,210.25,79.95,15.99,56.098,33.2625,0.0316884661117717
2018,"Nexo Knights",15,2543,169.533333333333,219.94,36.6566666666667,26.2746666666667,20.4083333333333,0.0864883995281164
2018,"Ninjago",43,9349,217.418604651163,832.75,33.31,35.045,24.0065,0.0890736977216815
2018,"Seasonal",9,979,108.777777777778,27.96,6.99,23.4222222222222,13.315,0.0285597548518897
2018,"Speed Champions",6,1960,326.666666666667,189.94,31.6566666666667,53.7533333333333,36.355,0.0969081632653061
2018,"Star Wars",56,19807,335.71186440678,2174.63,58.7737837837838,71.1776271186441,43.9959259259259,0.109790982985813
2018,"Technic",14,16502,1178.71428571429,1554.86,111.061428571429,111.16,73.375,0.0942225184826082
2018,"The LEGO Batman Movie",9,1964,218.222222222222,209.95,41.99,33.5177777777778,22.6411111111111,0.106899185336049
2018,"The LEGO Ninjago Movie",1,3553,3553,229.99,229.99,498.69,441.65,0.0647312130593864
2018,"The Powerpuff Girls",2,372,186,49.98,24.99,22.915,14.49,0.134354838709677
2018,"Unikitty",21,2180,103.809523809524,218.8,10.94,10.3447368421053,7.08764705882353,0.100366972477064
2018,"Xtra",8,188,23.5,43.92,5.49,6.062,3.394,0.233617021276596
2019,"Architecture",5,4511,902.2,309.96,77.49,68.608,50.086,0.0687120372422966
2019,"BrickHeadz",14,2310,165,159.87,12.2976923076923,46.6192307692308,23.7746153846154,0.0692077922077922
2019,"Bricklink",13,14373,1105.61538461538,1200.88,100.073333333333,247.203846153846,192.596666666667,0.0835511027621234
2019,"City",53,10913,205.905660377358,1470.63,39.7467567567568,25.9178846153846,21.8989130434783,0.134759461193072
2019,"Classic",5,2224,444.8,129.95,25.99,26.926,20.3533333333333,0.0584307553956834
2019,"Collectable Minifigures",58,807,13.9137931034483,232.44,4.15071428571429,5.05781818181818,4.15925925925926,0.288029739776952
2019,"Creator",17,5014,294.941176470588,407.87,31.3746153846154,23.68375,18.90625,0.0813462305544475
2019,"Creator Expert",6,8126,1354.33333333333,649.95,129.99,115.353333333333,99.2283333333333,0.0799840019689884
2019,"DC Comics Super Heroes",17,6548,385.176470588235,559.91,62.2122222222222,50.6488235294118,58.9790909090909,0.0855085522296885
2019,"Disney",16,6008,375.5,783.85,52.2566666666667,55.2975,45.0446153846154,0.130467709720373
2019,"Duplo",22,821,37.3181818181818,604.79,28.7995238095238,25.9831818181818,17.3744444444444,0.736650426309379
2019,"Education",4,3144,786,0,NA,70.5433333333333,179.06,0
2019,"FORMA",4,390,97.5,0,NA,113.8775,150,0
2019,"Friends",51,10427,204.450980392157,1052.63,28.4494594594595,20.8465306122449,20.338064516129,0.100952335283399
2019,"Harry Potter",9,3227,358.555555555556,349.92,43.74,41.7511111111111,36.205,0.108435079020762
2019,"Hidden Side",11,4696,426.909090909091,439.92,54.99,36.4754545454545,36.0011111111111,0.093679727427598
2019,"Ideas",5,6515,1303,469.95,93.99,106.224,89.742,0.0721335379892556
2019,"Jurassic World",7,4921,703,479.95,95.99,91.7128571428571,91.0633333333333,0.0975309896362528
2019,"Marvel Super Heroes",21,6776,322.666666666667,709.83,41.7547058823529,79.4305,31.1983333333333,0.104756493506494
2019,"Minecraft",9,2571,285.666666666667,234.92,29.365,31.4955555555556,20.7144444444444,0.0913730066122131
2019,"Miscellaneous",8,1411,176.375,14.99,14.99,154.085,228.9,0.0106236711552091
2019,"Ninjago",48,10341,198.865384615385,959.71,33.0934482758621,26.4465384615385,21.0354166666667,0.0928063049995165
2019,"Originals",3,89,29.6666666666667,239.98,119.99,3.5,NA,2.69640449438202
2019,"Overwatch",8,3139,392.375,314.92,39.365,44.7775,32.335,0.100324944249761
2019,"Powered Up",1,7,7,13.99,13.99,21.1,16.99,1.99857142857143
2019,"Seasonal",8,2543,317.875,79.95,15.99,67.78875,75.1283333333333,0.0314392449862367
2019,"Speed Champions",6,1754,292.333333333333,139.94,23.3233333333333,27.7533333333333,21.335,0.0797833523375143
2019,"Star Wars",51,21927,421.673076923077,2648.64,73.5733333333333,56.9017307692308,53.786,0.120793542208236
2019,"Stranger Things",1,2287,2287,199.99,199.99,223.43,186.29,0.0874464363795365
2019,"Technic",14,15264,1090.28571428571,1664.86,118.918571428571,104.082857142857,79.8035714285714,0.109071016771488
2019,"The LEGO Movie 2",36,14948,415.222222222222,1519.7,50.6566666666667,43.3680555555556,37.288,0.101665774685577
2019,"Toy Story",6,834,139,159.94,26.6566666666667,22.0383333333333,17.6383333333333,0.191774580335731
2019,"Xtra",3,73,24.3333333333333,13.97,4.65666666666667,6.72,6.78,0.191369863013699
2020,"Architecture",3,2770,923.333333333333,219.97,73.3233333333333,68.18,52.2,0.0794115523465704
2020,"Art",4,12847,3211.75,479.96,119.99,109.09,90.1866666666667,0.0373596948703978
2020,"Brick Sketches",4,607,151.75,67.96,16.99,20.5375,16.15,0.111960461285008
2020,"BrickHeadz",12,2369,197.416666666667,130.89,11.8990909090909,16.9775,12.61,0.0552511608273533
2020,"City",55,11395,203.482142857143,1512.63,40.8818918918919,23.2313461538462,21.5187878787879,0.132745063624397
2020,"Classic",6,3827,637.833333333333,189.94,31.6566666666667,22.27,9.7,0.0496315651946695
2020,"Collectable Minifigures",52,813,15.6346153846154,257.5,5.15,5.60632653061224,4.66816326530612,0.316728167281673
2020,"Creator",20,4987,249.35,394.86,28.2042857142857,18.8795,17.346,0.0791778624423501
2020,"Creator Expert",8,24449,3056.125,1769.92,221.24,208.075,179.16,0.0723923268845352
2020,"DC Comics Super Heroes",10,4018,401.8,389.95,77.99,36.706,44.9814285714286,0.0970507715281234
2020,"Disney",21,3893,185.380952380952,524.86,37.49,24.6285714285714,30.6636363636364,0.134821474441305
2020,"Dots",20,3529,176.45,187.82,10.4344444444444,10.1545,6.60333333333333,0.05322187588552
2020,"Duplo",23,1060,46.0869565217391,703.77,30.5986956521739,25.5821739130435,12.0833333333333,0.663933962264151
2020,"Education",12,4646,387.166666666667,864.8,216.2,161.123,NA,0.186138613861386
2020,"Friends",58,9830,169.48275862069,1169.55,25.99,19.619298245614,20.1405263157895,0.118977619532045
2020,"Harry Potter",10,9854,985.4,814.91,90.5455555555556,82.272,59.346,0.0826983965902172
2020,"Hidden Side",17,4702,276.588235294118,449.89,40.8990909090909,32.0635294117647,31.3169230769231,0.0956805614632071
2020,"Ideas",6,11369,1894.83333333333,929.94,154.99,166.485,129.801666666667,0.0817961122350251
2020,"Jurassic World",12,1556,129.666666666667,199.96,49.99,24.1163636363636,16.6488888888889,0.128508997429306
2020,"Marvel Super Heroes",25,7489,299.56,789.79,37.6090476190476,38.2464,32.5542857142857,0.105460008011751
2020,"Mindstorms",2,1315,657.5,359.99,359.99,164.645,109.465,0.273756653992395
2020,"Minecraft",13,3659,281.461538461538,319.89,29.0809090909091,27.5233333333333,20.9,0.0874255261000273
2020,"Minions: The Rise of Gru",2,1012,506,69.98,34.99,30.31,20.715,0.0691501976284585
2020,"Miscellaneous",8,1620,202.5,22.97,7.65666666666667,39.024,12.65,0.014179012345679
2020,"Monkie Kid",13,10326,794.307692307692,1014.89,92.2627272727273,80.2723076923077,79.97,0.0982849118729421
2020,"Ninjago",46,11657,242.854166666667,1042.7,34.7566666666667,23.3225,21.6685185185185,0.0894484001029424
2020,"Seasonal",16,4992,312,373.86,26.7042857142857,33.136,36.423,0.0748918269230769
2020,"Speed Champions",7,2517,359.571428571429,144.94,24.1566666666667,28.9233333333333,21.895,0.0575844259038538
2020,"Star Wars",39,17629,419.738095238095,2004.71,69.1279310344828,49.4445238095238,46.0835294117647,0.113716603324068
2020,"Super Mario",19,6856,360.842105263158,794.82,44.1566666666667,43.9178947368421,36.7215789473684,0.11593057176196
2020,"Technic",14,13879,991.357142857143,1465.86,104.704285714286,82.8738461538462,66.0192307692308,0.105617119389005
2020,"Trolls World Tour",9,2392,265.777777777778,294.91,32.7677777777778,25.6488888888889,18.528,0.123290133779264
2020,"Xtra",4,126,31.5,25.96,6.49,9.4425,NA,0.206031746031746
2021,"Architecture",1,2022,2022,119.99,119.99,97.42,75.28,0.0593422354104847
2021,"Art",4,22740,5685,609.96,152.49,137.71,72.495,0.0268232189973615
2021,"Brick Sketches",2,258,129,33.98,16.99,13.395,NA,0.131705426356589
2021,"BrickHeadz",17,4536,266.823529411765,304.83,17.9311764705882,22.2376470588235,16.6375,0.0672023809523809
2021,"Bricklink",5,5750,1150,494.95,98.99,245.908,174.745,0.0860782608695652
2021,"City",58,11033,187,1407.63,38.0440540540541,20.9535185185185,18.1411764705882,0.12758361279797
2021,"Classic",6,3977,662.833333333333,174.95,34.99,30.1583333333333,NA,0.0439904450590898
2021,"Collectable Minifigures",39,546,14,179.64,4.99,5.08,4.24611111111111,0.329010989010989
2021,"Creator",35,8079,224.416666666667,507.81,26.7268421052632,20.9052777777778,20.1878571428571,0.0628555514296324
2021,"Creator Expert",18,34925,1838.15789473684,2469.86,176.418571428571,164.788888888889,142.945714285714,0.0707189692197566
2021,"DC Comics Super Heroes",12,3853,296.384615384615,464.93,66.4185714285714,35.6438461538462,51.592,0.120667012717363
2021,"Disney",25,6400,256,902.79,42.99,31.0604166666667,23.675,0.1410609375
2021,"Dots",26,6182,237.769230769231,263.77,11.4682608695652,8.7204347826087,NA,0.0426674215464251
2021,"Duplo",22,1231,55.9545454545455,829.79,39.5138095238095,31.6121052631579,13.54,0.674077985377742
2021,"Education",9,3167,351.888888888889,329.85,109.95,61.7616666666667,NA,0.104152194505841
2021,"Friends",46,12309,267.586956521739,1254.63,33.9089189189189,22.3311363636364,34.935,0.101927857665123
2021,"Harry Potter",16,10400,650,944.85,62.99,59.171875,38.6958333333333,0.0908509615384615
2021,"Ideas",6,11863,1977.16666666667,879.94,146.656666666667,160.645,120.751666666667,0.074175166484026
2021,"Jurassic World",9,1028,114.222222222222,199.96,49.99,21.9088888888889,16.0966666666667,0.194513618677043
2021,"Marvel Super Heroes",40,15941,388.80487804878,1514.67,45.8990909090909,38.5015,47.6047368421053,0.095017251113481
2021,"Minecraft",11,3974,361.272727272727,429.91,47.7677777777778,35.8590909090909,22.055,0.108180674383493
2021,"Minions: The Rise of Gru",5,645,129,109.95,21.99,19.15,15,0.17046511627907
2021,"Miscellaneous",10,2740,249.090909090909,34.99,34.99,55.725,131.14,0.0127700729927007
2021,"Monkie Kid",12,9101,758.416666666667,877.89,79.8081818181818,75.1609090909091,48.3725,0.0964608284803868
2021,"Ninjago",43,15952,354.488888888889,1289.76,53.74,28.3491111111111,47.9072727272727,0.0808525576730191
2021,"Powered Up",1,2,2,249.99,249.99,236.76,NA,124.995
2021,"Seasonal",12,5204,433.666666666667,291.93,41.7042857142857,33.7791666666667,31,0.0560972328977709
2021,"Speed Champions",6,2726,389.428571428571,189.94,31.6566666666667,29.1342857142857,11.9633333333333,0.0696771826852531
2021,"Star Wars",34,22377,621.583333333333,2339.78,106.353636363636,65.3711111111111,80.7604545454546,0.10456182687581
2021,"Super Mario",16,6578,411.125,659.86,47.1328571428571,42.2813333333333,31.01,0.100313165095774
2021,"Technic",15,14729,981.933333333333,1529.86,109.275714285714,88.646,62.1035714285714,0.103867200760405
2021,"Vidiyo",39,4009,102.794871794872,489.75,19.59,15.1366666666667,6.86705882352941,0.122162634073335
2021,"Xtra",2,71,35.5,7.98,3.99,6.11,NA,0.112394366197183
2022,"Architecture",1,827,827,59.99,59.99,54.29,NA,0.0725392986698912
2022,"Art",2,7612,3806,239.98,119.99,105.49,NA,0.0315265370467683
2022,"Brick Sketches",2,414,207,33.98,16.99,NA,NA,0.0820772946859903
2022,"BrickHeadz",10,2487,248.7,189.9,18.99,24.415,13.335,0.076357056694813
2022,"Bricklink",5,11357,2271.4,944.95,188.99,NA,NA,0.0832041912476887
2022,"City",30,9443,314.766666666667,1269.77,55.2073913043478,33.3692307692308,21.325,0.134466800804829
2022,"Classic",4,2073,518.25,59.97,19.99,24.99,NA,0.0289290882778582
2022,"Collectable Minifigures",13,226,17.3846153846154,59.88,4.99,5.505,5.02181818181818,0.264955752212389
2022,"Creator",19,3392,178.526315789474,212.88,17.74,13.7153333333333,16,0.0627594339622641
2022,"Creator Expert",7,13462,1923.14285714286,819.96,204.99,200.574,NA,0.0609092259693953
2022,"DC Comics Super Heroes",4,1228,245.6,124.97,41.6566666666667,27.062,NA,0.101767100977199
2022,"Disney",10,2315,231.5,334.91,37.2122222222222,25.512,NA,0.144669546436285
2022,"Dots",11,3545,322.272727272727,175.9,17.59,8.97571428571429,NA,0.0496191819464034
2022,"Duplo",13,469,36.0769230769231,299.91,33.3233333333333,10.29,NA,0.639466950959488
2022,"Friends",18,7795,433.055555555556,669.87,51.5284615384615,34.4673333333333,NA,0.0859358563181527
2022,"Harry Potter",11,6308,573.454545454545,679.89,61.8081818181818,39.785,NA,0.107782181357007
2022,"Horizon",1,1222,1222,79.99,79.99,NA,NA,0.0654582651391162
2022,"Ideas",2,3710,1855,269.98,134.99,171.14,129.99,0.0727708894878706
2022,"Jurassic World",13,3959,304.538461538462,399.92,49.99,5.28333333333333,NA,0.101015407931296
2022,"Marvel Super Heroes",16,3621,226.3125,394.87,30.3746153846154,29.1015384615385,NA,0.10904998619166
2022,"Minecraft",8,1738,217.25,174.94,29.1566666666667,19.7075,NA,0.100655926352129
2022,"Miscellaneous",2,1510,755,0,NA,4.01,NA,0
2022,"Monkie Kid",8,6796,849.5,614.93,87.8471428571429,73.864,58.99,0.0904841082989994
2022,"Ninjago",18,5318,295.444444444444,479.87,36.9130769230769,22.2125,NA,0.0902350507709665
2022,"Overwatch",1,901,901,0,NA,NA,NA,0
2022,"Seasonal",6,3682,613.666666666667,25.98,12.99,44.6833333333333,32.22,0.00705594785442694
2022,"Speed Champions",6,2052,342,129.95,25.99,24.05,17.99,0.0633284600389863
2022,"Star Wars",19,7052,371.157894736842,749.85,49.99,38.0623076923077,25.03,0.106331537152581
2022,"Super Mario",13,5489,422.230769230769,579.88,48.3233333333333,38.7166666666667,NA,0.105644015303334
2022,"Technic",13,8486,652.769230769231,925.88,77.1566666666667,73.7918181818182,159.59,0.109106764082017
